USE [PR-dev]
GO
SET IDENTITY_INSERT [dbo].[AppraisalModes] ON 

INSERT [dbo].[AppraisalModes] ([Id], [CreatedDate], [CreatedBy], [UpdatedDate], [UpdatedBy], [IsDeleted], [Name]) VALUES (1, CAST(N'0001-01-01T00:00:00.0000000' AS DateTime2), NULL, NULL, NULL, 0, N'Special')
INSERT [dbo].[AppraisalModes] ([Id], [CreatedDate], [CreatedBy], [UpdatedDate], [UpdatedBy], [IsDeleted], [Name]) VALUES (2, CAST(N'0001-01-01T00:00:00.0000000' AS DateTime2), NULL, NULL, NULL, 0, N'Probation ')
INSERT [dbo].[AppraisalModes] ([Id], [CreatedDate], [CreatedBy], [UpdatedDate], [UpdatedBy], [IsDeleted], [Name]) VALUES (3, CAST(N'0001-01-01T00:00:00.0000000' AS DateTime2), NULL, NULL, NULL, 0, N'Annual Review')
SET IDENTITY_INSERT [dbo].[AppraisalModes] OFF
SET IDENTITY_INSERT [dbo].[Cycles] ON 

INSERT [dbo].[Cycles] ([Id], [CreatedDate], [CreatedBy], [UpdatedDate], [UpdatedBy], [IsDeleted], [Name], [Date], [Month], [Description]) VALUES (1, CAST(N'0001-01-01T00:00:00.0000000' AS DateTime2), NULL, NULL, NULL, 0, N'H2', 1, 7, NULL)
INSERT [dbo].[Cycles] ([Id], [CreatedDate], [CreatedBy], [UpdatedDate], [UpdatedBy], [IsDeleted], [Name], [Date], [Month], [Description]) VALUES (2, CAST(N'0001-01-01T00:00:00.0000000' AS DateTime2), NULL, NULL, NULL, 0, N'H1', 7, 1, NULL)
SET IDENTITY_INSERT [dbo].[Cycles] OFF
SET IDENTITY_INSERT [dbo].[PerformanceReviewCycles] ON 

INSERT [dbo].[PerformanceReviewCycles] ([Id], [CreatedDate], [CreatedBy], [UpdatedDate], [UpdatedBy], [IsDeleted], [Name], [Year], [Description], [CycleId], [Status], [AppraisalModeId]) VALUES (1, CAST(N'2019-09-13T19:27:59.7354006' AS DateTime2), N'00000000-0000-0000-0000-000000000000', NULL, NULL, 0, N'Annual Review H1 2019', 2019, NULL, 2, 20, 3)
INSERT [dbo].[PerformanceReviewCycles] ([Id], [CreatedDate], [CreatedBy], [UpdatedDate], [UpdatedBy], [IsDeleted], [Name], [Year], [Description], [CycleId], [Status], [AppraisalModeId]) VALUES (2, CAST(N'2019-09-17T10:13:37.3152350' AS DateTime2), N'00000000-0000-0000-0000-000000000000', NULL, NULL, 0, N'Probation  H2 2020', 2020, NULL, 1, 10, 2)
SET IDENTITY_INSERT [dbo].[PerformanceReviewCycles] OFF
SET IDENTITY_INSERT [dbo].[BusinessUnits] ON 

INSERT [dbo].[BusinessUnits] ([Id], [CreatedDate], [CreatedBy], [UpdatedDate], [UpdatedBy], [IsDeleted], [Name], [Abbre], [DeliveryManagerId]) VALUES (1, CAST(N'0001-01-01T00:00:00.0000000' AS DateTime2), NULL, NULL, NULL, 0, N'eCommerce', N'eCom', N'00000000-0000-0000-0000-000000000000')
INSERT [dbo].[BusinessUnits] ([Id], [CreatedDate], [CreatedBy], [UpdatedDate], [UpdatedBy], [IsDeleted], [Name], [Abbre], [DeliveryManagerId]) VALUES (2, CAST(N'0001-01-01T00:00:00.0000000' AS DateTime2), NULL, NULL, NULL, 0, N'Logistics', N'LOG', N'00000000-0000-0000-0000-000000000000')
INSERT [dbo].[BusinessUnits] ([Id], [CreatedDate], [CreatedBy], [UpdatedDate], [UpdatedBy], [IsDeleted], [Name], [Abbre], [DeliveryManagerId]) VALUES (3, CAST(N'0001-01-01T00:00:00.0000000' AS DateTime2), NULL, NULL, NULL, 0, N'Operational Development', N'OD', N'00000000-0000-0000-0000-000000000000')
INSERT [dbo].[BusinessUnits] ([Id], [CreatedDate], [CreatedBy], [UpdatedDate], [UpdatedBy], [IsDeleted], [Name], [Abbre], [DeliveryManagerId]) VALUES (4, CAST(N'0001-01-01T00:00:00.0000000' AS DateTime2), NULL, NULL, NULL, 0, N'Supporting', N'SUP', N'00000000-0000-0000-0000-000000000000')
SET IDENTITY_INSERT [dbo].[BusinessUnits] OFF
SET IDENTITY_INSERT [dbo].[Teams] ON 

INSERT [dbo].[Teams] ([Id], [CreatedDate], [CreatedBy], [UpdatedDate], [UpdatedBy], [IsDeleted], [Name], [Abbre], [BusinessUnitId]) VALUES (1, CAST(N'0001-01-01T00:00:00.0000000' AS DateTime2), NULL, NULL, NULL, 0, N'Logistics', N'LOG', 2)
INSERT [dbo].[Teams] ([Id], [CreatedDate], [CreatedBy], [UpdatedDate], [UpdatedBy], [IsDeleted], [Name], [Abbre], [BusinessUnitId]) VALUES (2, CAST(N'0001-01-01T00:00:00.0000000' AS DateTime2), NULL, NULL, NULL, 0, N'AppDev', N'APP', 1)
INSERT [dbo].[Teams] ([Id], [CreatedDate], [CreatedBy], [UpdatedDate], [UpdatedBy], [IsDeleted], [Name], [Abbre], [BusinessUnitId]) VALUES (3, CAST(N'0001-01-01T00:00:00.0000000' AS DateTime2), NULL, NULL, NULL, 0, N'Amblique', N'AMB', 1)
INSERT [dbo].[Teams] ([Id], [CreatedDate], [CreatedBy], [UpdatedDate], [UpdatedBy], [IsDeleted], [Name], [Abbre], [BusinessUnitId]) VALUES (4, CAST(N'0001-01-01T00:00:00.0000000' AS DateTime2), NULL, NULL, NULL, 0, N'FactFour', N'F4', 1)
INSERT [dbo].[Teams] ([Id], [CreatedDate], [CreatedBy], [UpdatedDate], [UpdatedBy], [IsDeleted], [Name], [Abbre], [BusinessUnitId]) VALUES (5, CAST(N'0001-01-01T00:00:00.0000000' AS DateTime2), NULL, NULL, NULL, 0, N'Adjuno', N'ADJ', 3)
INSERT [dbo].[Teams] ([Id], [CreatedDate], [CreatedBy], [UpdatedDate], [UpdatedBy], [IsDeleted], [Name], [Abbre], [BusinessUnitId]) VALUES (6, CAST(N'0001-01-01T00:00:00.0000000' AS DateTime2), NULL, NULL, NULL, 0, N'Supporting', N'SUP', 4)
SET IDENTITY_INSERT [dbo].[Teams] OFF
SET IDENTITY_INSERT [dbo].[ContractTypes] ON 

INSERT [dbo].[ContractTypes] ([Id], [Name]) VALUES (1, N'OnGoing')
SET IDENTITY_INSERT [dbo].[ContractTypes] OFF
INSERT [dbo].[Users] ([Id], [EmployeeId], [Email], [FullName], [FirstName], [LastName], [isMale], [Photo], [BirthDate], [StartDate], [ContractTypeId]) VALUES (N'a844cdfb-b705-47c7-5ca5-08d7335e4155', N'G10000', N'matt@groovetechnology.com', N'Matt Long', N'Long', N'Matt', 0, NULL, CAST(N'0001-01-01T00:00:00.0000000' AS DateTime2), CAST(N'0001-01-01T00:00:00.0000000' AS DateTime2), 1)
INSERT [dbo].[Users] ([Id], [EmployeeId], [Email], [FullName], [FirstName], [LastName], [isMale], [Photo], [BirthDate], [StartDate], [ContractTypeId]) VALUES (N'4fa47d5e-d42c-4a6b-5ca6-08d7335e4155', N'G00001', N'tan.truong@groovetechnology.com', N'Tan Truong', N'Truong', N'Tan', 0, NULL, CAST(N'0001-01-01T00:00:00.0000000' AS DateTime2), CAST(N'2016-11-17T00:00:00.0000000' AS DateTime2), 1)
INSERT [dbo].[Users] ([Id], [EmployeeId], [Email], [FullName], [FirstName], [LastName], [isMale], [Photo], [BirthDate], [StartDate], [ContractTypeId]) VALUES (N'41a6c5ba-998a-40fd-5ca7-08d7335e4155', N'G00002', N'thuan.ha@groovetechnology.com', N'Thuan Ha', N'Ha', N'Thuan', 0, NULL, CAST(N'0001-01-01T00:00:00.0000000' AS DateTime2), CAST(N'2016-11-17T00:00:00.0000000' AS DateTime2), 1)
INSERT [dbo].[Users] ([Id], [EmployeeId], [Email], [FullName], [FirstName], [LastName], [isMale], [Photo], [BirthDate], [StartDate], [ContractTypeId]) VALUES (N'feb94bbe-07cc-4f7d-5ca8-08d7335e4155', N'G00004', N'tuan.hoang@groovetechnology.com', N'Tuan Hoang', N'Hoang', N'Tuan', 0, NULL, CAST(N'0001-01-01T00:00:00.0000000' AS DateTime2), CAST(N'2016-11-18T00:00:00.0000000' AS DateTime2), 1)
INSERT [dbo].[Users] ([Id], [EmployeeId], [Email], [FullName], [FirstName], [LastName], [isMale], [Photo], [BirthDate], [StartDate], [ContractTypeId]) VALUES (N'f72ddaa3-aa83-42c1-5ca9-08d7335e4155', N'G00005', N'tho.lai@groovetechnology.com', N'Tho Lai', N'Lai', N'Tho', 0, NULL, CAST(N'0001-01-01T00:00:00.0000000' AS DateTime2), CAST(N'2016-11-18T00:00:00.0000000' AS DateTime2), 1)
INSERT [dbo].[Users] ([Id], [EmployeeId], [Email], [FullName], [FirstName], [LastName], [isMale], [Photo], [BirthDate], [StartDate], [ContractTypeId]) VALUES (N'd1904d5b-2c26-4ae6-5caa-08d7335e4155', N'G00007', N'hanh.tran@groovetechnology.com', N'Hanh Tran', N'Tran', N'Hanh', 0, NULL, CAST(N'0001-01-01T00:00:00.0000000' AS DateTime2), CAST(N'2016-11-21T00:00:00.0000000' AS DateTime2), 1)
INSERT [dbo].[Users] ([Id], [EmployeeId], [Email], [FullName], [FirstName], [LastName], [isMale], [Photo], [BirthDate], [StartDate], [ContractTypeId]) VALUES (N'1685c045-0761-4ed2-5cab-08d7335e4155', N'G00008', N'an.ha@groovetechnology.com', N'An Ha', N'Ha', N'An', 0, NULL, CAST(N'0001-01-01T00:00:00.0000000' AS DateTime2), CAST(N'2016-11-21T00:00:00.0000000' AS DateTime2), 1)
INSERT [dbo].[Users] ([Id], [EmployeeId], [Email], [FullName], [FirstName], [LastName], [isMale], [Photo], [BirthDate], [StartDate], [ContractTypeId]) VALUES (N'f056f119-3916-48ca-5cac-08d7335e4155', N'G00010', N'duy.nguyen@groovetechnology.com', N'Duy Nguyen', N'Nguyen', N'Duy', 0, NULL, CAST(N'0001-01-01T00:00:00.0000000' AS DateTime2), CAST(N'2016-11-21T00:00:00.0000000' AS DateTime2), 1)
INSERT [dbo].[Users] ([Id], [EmployeeId], [Email], [FullName], [FirstName], [LastName], [isMale], [Photo], [BirthDate], [StartDate], [ContractTypeId]) VALUES (N'dc41b90e-066c-4199-5cad-08d7335e4155', N'G00012', N'my.trinh@groovetechnology.com', N'My Trinh', N'Trinh', N'My', 0, NULL, CAST(N'0001-01-01T00:00:00.0000000' AS DateTime2), CAST(N'2016-11-21T00:00:00.0000000' AS DateTime2), 1)
INSERT [dbo].[Users] ([Id], [EmployeeId], [Email], [FullName], [FirstName], [LastName], [isMale], [Photo], [BirthDate], [StartDate], [ContractTypeId]) VALUES (N'e34c26c0-3c1a-49e7-5cae-08d7335e4155', N'G00013', N'hai.nguyen@groovetechnology.com', N'Hai Nguyen', N'Nguyen', N'Hai', 0, NULL, CAST(N'0001-01-01T00:00:00.0000000' AS DateTime2), CAST(N'2016-11-21T00:00:00.0000000' AS DateTime2), 1)
INSERT [dbo].[Users] ([Id], [EmployeeId], [Email], [FullName], [FirstName], [LastName], [isMale], [Photo], [BirthDate], [StartDate], [ContractTypeId]) VALUES (N'4680d8ad-b3aa-475b-5caf-08d7335e4155', N'G00014', N'sanh.nguyen@groovetechnology.com', N'Sanh Nguyen', N'Nguyen', N'Sanh', 0, NULL, CAST(N'0001-01-01T00:00:00.0000000' AS DateTime2), CAST(N'2016-11-21T00:00:00.0000000' AS DateTime2), 1)
INSERT [dbo].[Users] ([Id], [EmployeeId], [Email], [FullName], [FirstName], [LastName], [isMale], [Photo], [BirthDate], [StartDate], [ContractTypeId]) VALUES (N'847e4e39-614b-49c8-5cb0-08d7335e4155', N'G00015', N'loan.ngo@groovetechnology.com', N'Loan Ngo', N'Ngo', N'Loan', 0, NULL, CAST(N'0001-01-01T00:00:00.0000000' AS DateTime2), CAST(N'2016-11-21T00:00:00.0000000' AS DateTime2), 1)
INSERT [dbo].[Users] ([Id], [EmployeeId], [Email], [FullName], [FirstName], [LastName], [isMale], [Photo], [BirthDate], [StartDate], [ContractTypeId]) VALUES (N'6c7ade42-3438-4dd3-5cb1-08d7335e4155', N'G00016', N'duong.tiet@groovetechnology.com', N'Duong Tiet', N'Tiet', N'Duong', 0, NULL, CAST(N'0001-01-01T00:00:00.0000000' AS DateTime2), CAST(N'2016-11-21T00:00:00.0000000' AS DateTime2), 1)
INSERT [dbo].[Users] ([Id], [EmployeeId], [Email], [FullName], [FirstName], [LastName], [isMale], [Photo], [BirthDate], [StartDate], [ContractTypeId]) VALUES (N'c57242fd-1c13-48cc-5cb2-08d7335e4155', N'G00017', N'thanh.pham@groovetechnology.com', N'Thanh Pham', N'Pham', N'Thanh', 0, NULL, CAST(N'0001-01-01T00:00:00.0000000' AS DateTime2), CAST(N'2016-11-21T00:00:00.0000000' AS DateTime2), 1)
INSERT [dbo].[Users] ([Id], [EmployeeId], [Email], [FullName], [FirstName], [LastName], [isMale], [Photo], [BirthDate], [StartDate], [ContractTypeId]) VALUES (N'66cc5c26-5ff1-4063-5cb3-08d7335e4155', N'G00018', N'van.tran@groovetechnology.com', N'Van Tran', N'Tran', N'Van', 0, NULL, CAST(N'0001-01-01T00:00:00.0000000' AS DateTime2), CAST(N'2016-11-21T00:00:00.0000000' AS DateTime2), 1)
INSERT [dbo].[Users] ([Id], [EmployeeId], [Email], [FullName], [FirstName], [LastName], [isMale], [Photo], [BirthDate], [StartDate], [ContractTypeId]) VALUES (N'3b92032e-f929-4615-5cb4-08d7335e4155', N'G00019', N'tri.nguyen@groovetechnology.com', N'Tri Nguyen', N'Nguyen', N'Tri', 0, NULL, CAST(N'0001-01-01T00:00:00.0000000' AS DateTime2), CAST(N'2016-11-21T00:00:00.0000000' AS DateTime2), 1)
INSERT [dbo].[Users] ([Id], [EmployeeId], [Email], [FullName], [FirstName], [LastName], [isMale], [Photo], [BirthDate], [StartDate], [ContractTypeId]) VALUES (N'b489c021-04fe-4f50-5cb5-08d7335e4155', N'G00020', N'luong.pham@groovetechnology.com', N'Luong Pham', N'Pham', N'Luong', 0, NULL, CAST(N'0001-01-01T00:00:00.0000000' AS DateTime2), CAST(N'2016-11-21T00:00:00.0000000' AS DateTime2), 1)
INSERT [dbo].[Users] ([Id], [EmployeeId], [Email], [FullName], [FirstName], [LastName], [isMale], [Photo], [BirthDate], [StartDate], [ContractTypeId]) VALUES (N'9c66c46b-697e-42bd-5cb6-08d7335e4155', N'G00021', N'duc.quach@groovetechnology.com', N'Duc Quach', N'Quach', N'Duc', 0, NULL, CAST(N'0001-01-01T00:00:00.0000000' AS DateTime2), CAST(N'2016-11-21T00:00:00.0000000' AS DateTime2), 1)
INSERT [dbo].[Users] ([Id], [EmployeeId], [Email], [FullName], [FirstName], [LastName], [isMale], [Photo], [BirthDate], [StartDate], [ContractTypeId]) VALUES (N'16773281-6249-41c6-5cb7-08d7335e4155', N'G00022', N'dung.nguyen@groovetechnology.com', N'Dung Nguyen', N'Nguyen', N'Dung', 0, NULL, CAST(N'0001-01-01T00:00:00.0000000' AS DateTime2), CAST(N'2016-11-21T00:00:00.0000000' AS DateTime2), 1)
INSERT [dbo].[Users] ([Id], [EmployeeId], [Email], [FullName], [FirstName], [LastName], [isMale], [Photo], [BirthDate], [StartDate], [ContractTypeId]) VALUES (N'a23b8f77-48b1-49fa-5cb8-08d7335e4155', N'G00023', N'dung.le@groovetechnology.com', N'Dung Le', N'Le', N'Dung', 0, NULL, CAST(N'0001-01-01T00:00:00.0000000' AS DateTime2), CAST(N'2016-11-21T00:00:00.0000000' AS DateTime2), 1)
INSERT [dbo].[Users] ([Id], [EmployeeId], [Email], [FullName], [FirstName], [LastName], [isMale], [Photo], [BirthDate], [StartDate], [ContractTypeId]) VALUES (N'9b5dd050-0087-429e-5cb9-08d7335e4155', N'G00024', N'phung.tran@groovetechnology.com', N'Phung Tran', N'Tran', N'Phung', 0, NULL, CAST(N'0001-01-01T00:00:00.0000000' AS DateTime2), CAST(N'2016-11-21T00:00:00.0000000' AS DateTime2), 1)
INSERT [dbo].[Users] ([Id], [EmployeeId], [Email], [FullName], [FirstName], [LastName], [isMale], [Photo], [BirthDate], [StartDate], [ContractTypeId]) VALUES (N'1616e4bc-89e9-4ec7-5cba-08d7335e4155', N'G00025', N'hieu.le@groovetechnology.com', N'Hieu Le', N'Le', N'Hieu', 0, NULL, CAST(N'0001-01-01T00:00:00.0000000' AS DateTime2), CAST(N'2016-11-21T00:00:00.0000000' AS DateTime2), 1)
INSERT [dbo].[Users] ([Id], [EmployeeId], [Email], [FullName], [FirstName], [LastName], [isMale], [Photo], [BirthDate], [StartDate], [ContractTypeId]) VALUES (N'd30c9dc0-6d92-4636-5cbb-08d7335e4155', N'G00027', N'dat.phung@groovetechnology.com', N'Dat Phung', N'Phung', N'Dat', 0, NULL, CAST(N'0001-01-01T00:00:00.0000000' AS DateTime2), CAST(N'2016-11-21T00:00:00.0000000' AS DateTime2), 1)
INSERT [dbo].[Users] ([Id], [EmployeeId], [Email], [FullName], [FirstName], [LastName], [isMale], [Photo], [BirthDate], [StartDate], [ContractTypeId]) VALUES (N'3201bd9a-39f4-408c-5cbc-08d7335e4155', N'G00028', N'phu.phung@groovetechnology.com', N'Phu Phung', N'Phung', N'Phu', 0, NULL, CAST(N'0001-01-01T00:00:00.0000000' AS DateTime2), CAST(N'2016-11-22T00:00:00.0000000' AS DateTime2), 1)
INSERT [dbo].[Users] ([Id], [EmployeeId], [Email], [FullName], [FirstName], [LastName], [isMale], [Photo], [BirthDate], [StartDate], [ContractTypeId]) VALUES (N'633ca765-bc41-4ea8-5cbd-08d7335e4155', N'G00029', N'binh.doan@groovetechnology.com', N'Binh Doan', N'Doan', N'Binh', 0, NULL, CAST(N'0001-01-01T00:00:00.0000000' AS DateTime2), CAST(N'2016-11-22T00:00:00.0000000' AS DateTime2), 1)
INSERT [dbo].[Users] ([Id], [EmployeeId], [Email], [FullName], [FirstName], [LastName], [isMale], [Photo], [BirthDate], [StartDate], [ContractTypeId]) VALUES (N'828a0552-e7c7-4f14-5cbe-08d7335e4155', N'G00030', N'thin.nguyen@groovetechnology.com', N'Thin Nguyen', N'Nguyen', N'Thin', 0, NULL, CAST(N'0001-01-01T00:00:00.0000000' AS DateTime2), CAST(N'2016-11-22T00:00:00.0000000' AS DateTime2), 1)
INSERT [dbo].[Users] ([Id], [EmployeeId], [Email], [FullName], [FirstName], [LastName], [isMale], [Photo], [BirthDate], [StartDate], [ContractTypeId]) VALUES (N'fd8b57e9-b8a7-48e4-5cbf-08d7335e4155', N'G00032', N'huy.luu@groovetechnology.com', N'Huy Luu', N'Luu', N'Huy', 0, NULL, CAST(N'0001-01-01T00:00:00.0000000' AS DateTime2), CAST(N'2016-11-22T00:00:00.0000000' AS DateTime2), 1)
INSERT [dbo].[Users] ([Id], [EmployeeId], [Email], [FullName], [FirstName], [LastName], [isMale], [Photo], [BirthDate], [StartDate], [ContractTypeId]) VALUES (N'b0e23056-2e67-4035-5cc0-08d7335e4155', N'G00033', N'linh.vu@groovetechnology.com', N'Linh Vu', N'Vu', N'Linh', 0, NULL, CAST(N'0001-01-01T00:00:00.0000000' AS DateTime2), CAST(N'2016-11-23T00:00:00.0000000' AS DateTime2), 1)
INSERT [dbo].[Users] ([Id], [EmployeeId], [Email], [FullName], [FirstName], [LastName], [isMale], [Photo], [BirthDate], [StartDate], [ContractTypeId]) VALUES (N'1caa053b-7317-4c2c-5cc1-08d7335e4155', N'G00034', N'chung.ly@groovetechnology.com', N'Chung Ly', N'Ly', N'Chung', 0, NULL, CAST(N'0001-01-01T00:00:00.0000000' AS DateTime2), CAST(N'2016-11-23T00:00:00.0000000' AS DateTime2), 1)
INSERT [dbo].[Users] ([Id], [EmployeeId], [Email], [FullName], [FirstName], [LastName], [isMale], [Photo], [BirthDate], [StartDate], [ContractTypeId]) VALUES (N'1a168512-cac3-405b-5cc2-08d7335e4155', N'G00037', N'tuyen.nguyen@groovetechnology.com', N'Tuyen Nguyen', N'Nguyen', N'Tuyen', 0, NULL, CAST(N'0001-01-01T00:00:00.0000000' AS DateTime2), CAST(N'2016-11-24T00:00:00.0000000' AS DateTime2), 1)
INSERT [dbo].[Users] ([Id], [EmployeeId], [Email], [FullName], [FirstName], [LastName], [isMale], [Photo], [BirthDate], [StartDate], [ContractTypeId]) VALUES (N'bba782bb-1704-4c0c-5cc3-08d7335e4155', N'G00040', N'victor.tran@groovetechnology.com', N'Viet Tran', N'Tran', N'Viet', 0, NULL, CAST(N'0001-01-01T00:00:00.0000000' AS DateTime2), CAST(N'2016-12-01T00:00:00.0000000' AS DateTime2), 1)
INSERT [dbo].[Users] ([Id], [EmployeeId], [Email], [FullName], [FirstName], [LastName], [isMale], [Photo], [BirthDate], [StartDate], [ContractTypeId]) VALUES (N'bb85ba03-ec5d-4cb3-5cc4-08d7335e4155', N'G00041', N'lien.chung@groovetechnology.com', N'Lien Chung', N'Chung', N'Lien', 0, NULL, CAST(N'0001-01-01T00:00:00.0000000' AS DateTime2), CAST(N'2016-12-01T00:00:00.0000000' AS DateTime2), 1)
INSERT [dbo].[Users] ([Id], [EmployeeId], [Email], [FullName], [FirstName], [LastName], [isMale], [Photo], [BirthDate], [StartDate], [ContractTypeId]) VALUES (N'350a980b-62be-49a6-5cc5-08d7335e4155', N'G00042', N'mai.duong@groovetechnology.com', N'Mai Duong', N'Duong', N'Mai', 0, NULL, CAST(N'0001-01-01T00:00:00.0000000' AS DateTime2), CAST(N'2017-01-03T00:00:00.0000000' AS DateTime2), 1)
INSERT [dbo].[Users] ([Id], [EmployeeId], [Email], [FullName], [FirstName], [LastName], [isMale], [Photo], [BirthDate], [StartDate], [ContractTypeId]) VALUES (N'9a858647-e7b6-4deb-5cc6-08d7335e4155', N'G00043', N'phuoc.hoang@groovetechnology.com', N'Phuoc Hoang', N'Hoang', N'Phuoc', 0, NULL, CAST(N'0001-01-01T00:00:00.0000000' AS DateTime2), CAST(N'2017-01-03T00:00:00.0000000' AS DateTime2), 1)
INSERT [dbo].[Users] ([Id], [EmployeeId], [Email], [FullName], [FirstName], [LastName], [isMale], [Photo], [BirthDate], [StartDate], [ContractTypeId]) VALUES (N'6d8c4fe0-255e-492b-5cc7-08d7335e4155', N'G00044', N'ba.nguyen@groovetechnology.com', N'Ba Nguyen', N'Nguyen', N'Ba', 0, NULL, CAST(N'0001-01-01T00:00:00.0000000' AS DateTime2), CAST(N'2017-01-03T00:00:00.0000000' AS DateTime2), 1)
INSERT [dbo].[Users] ([Id], [EmployeeId], [Email], [FullName], [FirstName], [LastName], [isMale], [Photo], [BirthDate], [StartDate], [ContractTypeId]) VALUES (N'8bc39077-4571-4a51-5cc8-08d7335e4155', N'G00045', N'anh.nguyen@groovetechnology.com', N'Anh Nguyen', N'Nguyen', N'Anh', 0, NULL, CAST(N'0001-01-01T00:00:00.0000000' AS DateTime2), CAST(N'2017-01-09T00:00:00.0000000' AS DateTime2), 1)
INSERT [dbo].[Users] ([Id], [EmployeeId], [Email], [FullName], [FirstName], [LastName], [isMale], [Photo], [BirthDate], [StartDate], [ContractTypeId]) VALUES (N'505454d7-95df-4f89-5cc9-08d7335e4155', N'G00046', N'tin.truong@groovetechnology.com', N'Tin Truong', N'Truong', N'Tin', 0, NULL, CAST(N'0001-01-01T00:00:00.0000000' AS DateTime2), CAST(N'2017-01-16T00:00:00.0000000' AS DateTime2), 1)
INSERT [dbo].[Users] ([Id], [EmployeeId], [Email], [FullName], [FirstName], [LastName], [isMale], [Photo], [BirthDate], [StartDate], [ContractTypeId]) VALUES (N'a204718c-6ed2-46d1-5cca-08d7335e4155', N'G00049', N'hieu.tran@groovetechnology.com', N'Hieu Tran', N'Tran', N'Hieu', 0, NULL, CAST(N'0001-01-01T00:00:00.0000000' AS DateTime2), CAST(N'2017-02-20T00:00:00.0000000' AS DateTime2), 1)
INSERT [dbo].[Users] ([Id], [EmployeeId], [Email], [FullName], [FirstName], [LastName], [isMale], [Photo], [BirthDate], [StartDate], [ContractTypeId]) VALUES (N'd31d02d1-a154-4a69-5ccb-08d7335e4155', N'G00051', N'huyen.nguyent@groovetechnology.com', N'Huyen Nguyen', N'Nguyen', N'Huyen', 0, NULL, CAST(N'0001-01-01T00:00:00.0000000' AS DateTime2), CAST(N'2017-02-20T00:00:00.0000000' AS DateTime2), 1)
INSERT [dbo].[Users] ([Id], [EmployeeId], [Email], [FullName], [FirstName], [LastName], [isMale], [Photo], [BirthDate], [StartDate], [ContractTypeId]) VALUES (N'044d0cd8-b919-4e51-5ccc-08d7335e4155', N'G00052', N'truc.ha@groovetechnology.com', N'Truc Ha', N'Ha', N'Truc', 0, NULL, CAST(N'0001-01-01T00:00:00.0000000' AS DateTime2), CAST(N'2017-02-20T00:00:00.0000000' AS DateTime2), 1)
INSERT [dbo].[Users] ([Id], [EmployeeId], [Email], [FullName], [FirstName], [LastName], [isMale], [Photo], [BirthDate], [StartDate], [ContractTypeId]) VALUES (N'86c05f68-ef5e-4ae0-5ccd-08d7335e4155', N'G00053', N'mai.nguyen@groovetechnology.com', N'Mai Nguyen', N'Nguyen', N'Mai', 0, NULL, CAST(N'0001-01-01T00:00:00.0000000' AS DateTime2), CAST(N'2017-03-06T00:00:00.0000000' AS DateTime2), 1)
INSERT [dbo].[Users] ([Id], [EmployeeId], [Email], [FullName], [FirstName], [LastName], [isMale], [Photo], [BirthDate], [StartDate], [ContractTypeId]) VALUES (N'cedc0eb2-9450-4842-5cce-08d7335e4155', N'G00055', N'thao.nguyen@groovetechnology.com', N'Thao Nguyen', N'Nguyen', N'Thao', 0, NULL, CAST(N'0001-01-01T00:00:00.0000000' AS DateTime2), CAST(N'2017-03-15T00:00:00.0000000' AS DateTime2), 1)
INSERT [dbo].[Users] ([Id], [EmployeeId], [Email], [FullName], [FirstName], [LastName], [isMale], [Photo], [BirthDate], [StartDate], [ContractTypeId]) VALUES (N'000c1785-3af6-4e24-5ccf-08d7335e4155', N'G00056', N'tuan.nguyen@groovetechnology.com', N'Tuan Nguyen', N'Nguyen', N'Tuan', 0, NULL, CAST(N'0001-01-01T00:00:00.0000000' AS DateTime2), CAST(N'2017-03-20T00:00:00.0000000' AS DateTime2), 1)
INSERT [dbo].[Users] ([Id], [EmployeeId], [Email], [FullName], [FirstName], [LastName], [isMale], [Photo], [BirthDate], [StartDate], [ContractTypeId]) VALUES (N'61e42a6c-d6c3-4e7a-5cd0-08d7335e4155', N'G00058', N'hai.le@groovetechnology.com', N'Hai Le', N'Le', N'Hai', 0, NULL, CAST(N'0001-01-01T00:00:00.0000000' AS DateTime2), CAST(N'2017-03-27T00:00:00.0000000' AS DateTime2), 1)
INSERT [dbo].[Users] ([Id], [EmployeeId], [Email], [FullName], [FirstName], [LastName], [isMale], [Photo], [BirthDate], [StartDate], [ContractTypeId]) VALUES (N'fdccc4f4-8d03-4880-5cd1-08d7335e4155', N'G00059', N'tri.le@groovetechnology.com', N'Tri Le', N'Le', N'Tri', 0, NULL, CAST(N'0001-01-01T00:00:00.0000000' AS DateTime2), CAST(N'2017-04-03T00:00:00.0000000' AS DateTime2), 1)
INSERT [dbo].[Users] ([Id], [EmployeeId], [Email], [FullName], [FirstName], [LastName], [isMale], [Photo], [BirthDate], [StartDate], [ContractTypeId]) VALUES (N'89a0dcd8-5435-4979-5cd2-08d7335e4155', N'G00063', N'nhi.truong@groovetechnology.com', N'Nhi Truong', N'Truong', N'Nhi', 0, NULL, CAST(N'0001-01-01T00:00:00.0000000' AS DateTime2), CAST(N'2017-04-10T00:00:00.0000000' AS DateTime2), 1)
INSERT [dbo].[Users] ([Id], [EmployeeId], [Email], [FullName], [FirstName], [LastName], [isMale], [Photo], [BirthDate], [StartDate], [ContractTypeId]) VALUES (N'2c054ef8-03cd-4d06-5cd3-08d7335e4155', N'G00064', N'mai.nguyentn@groovetechnology.com', N'Mai Nguyen', N'Nguyen', N'Mai', 0, NULL, CAST(N'0001-01-01T00:00:00.0000000' AS DateTime2), CAST(N'2017-04-17T00:00:00.0000000' AS DateTime2), 1)
INSERT [dbo].[Users] ([Id], [EmployeeId], [Email], [FullName], [FirstName], [LastName], [isMale], [Photo], [BirthDate], [StartDate], [ContractTypeId]) VALUES (N'd5cb3f3d-23a7-41fb-5cd4-08d7335e4155', N'G00066', N'khang.tran@groovetechnology.com', N'Khang Tran', N'Tran', N'Khang', 0, NULL, CAST(N'0001-01-01T00:00:00.0000000' AS DateTime2), CAST(N'2017-04-17T00:00:00.0000000' AS DateTime2), 1)
INSERT [dbo].[Users] ([Id], [EmployeeId], [Email], [FullName], [FirstName], [LastName], [isMale], [Photo], [BirthDate], [StartDate], [ContractTypeId]) VALUES (N'828d38b0-9222-4bf0-5cd5-08d7335e4155', N'G00069', N'dinh.vu@groovetechnology.com', N'Dinh Vu', N'Vu', N'Dinh', 0, NULL, CAST(N'0001-01-01T00:00:00.0000000' AS DateTime2), CAST(N'2017-05-03T00:00:00.0000000' AS DateTime2), 1)
INSERT [dbo].[Users] ([Id], [EmployeeId], [Email], [FullName], [FirstName], [LastName], [isMale], [Photo], [BirthDate], [StartDate], [ContractTypeId]) VALUES (N'7cc50ad3-4c7c-412b-5cd6-08d7335e4155', N'G00070', N'huy.do@groovetechnology.com', N'Huy Do', N'Do', N'Huy', 0, NULL, CAST(N'0001-01-01T00:00:00.0000000' AS DateTime2), CAST(N'2017-05-08T00:00:00.0000000' AS DateTime2), 1)
INSERT [dbo].[Users] ([Id], [EmployeeId], [Email], [FullName], [FirstName], [LastName], [isMale], [Photo], [BirthDate], [StartDate], [ContractTypeId]) VALUES (N'7733fdd3-bac5-4f87-5cd7-08d7335e4155', N'G00071', N'hung.nguyen@groovetechnology.com', N'Hung Nguyen', N'Nguyen', N'Hung', 0, NULL, CAST(N'0001-01-01T00:00:00.0000000' AS DateTime2), CAST(N'2017-07-03T00:00:00.0000000' AS DateTime2), 1)
INSERT [dbo].[Users] ([Id], [EmployeeId], [Email], [FullName], [FirstName], [LastName], [isMale], [Photo], [BirthDate], [StartDate], [ContractTypeId]) VALUES (N'94aac2cc-9e09-4249-5cd8-08d7335e4155', N'G00072', N'hung.doan@groovetechnology.com', N'Hung Doan', N'Doan', N'Hung', 0, NULL, CAST(N'0001-01-01T00:00:00.0000000' AS DateTime2), CAST(N'2017-08-21T00:00:00.0000000' AS DateTime2), 1)
INSERT [dbo].[Users] ([Id], [EmployeeId], [Email], [FullName], [FirstName], [LastName], [isMale], [Photo], [BirthDate], [StartDate], [ContractTypeId]) VALUES (N'cb130f7c-867a-47b4-5cd9-08d7335e4155', N'G00074', N'thinh.vo@groovetechnology.com', N'Thinh Vo', N'Vo', N'Thinh', 0, NULL, CAST(N'0001-01-01T00:00:00.0000000' AS DateTime2), CAST(N'2017-09-05T00:00:00.0000000' AS DateTime2), 1)
INSERT [dbo].[Users] ([Id], [EmployeeId], [Email], [FullName], [FirstName], [LastName], [isMale], [Photo], [BirthDate], [StartDate], [ContractTypeId]) VALUES (N'63800747-1110-468f-5cda-08d7335e4155', N'G00079', N'dung.nguyentm@groovetechnology.com', N'Dung Nguyen', N'Nguyen', N'Dung', 0, NULL, CAST(N'0001-01-01T00:00:00.0000000' AS DateTime2), CAST(N'2017-10-02T00:00:00.0000000' AS DateTime2), 1)
INSERT [dbo].[Users] ([Id], [EmployeeId], [Email], [FullName], [FirstName], [LastName], [isMale], [Photo], [BirthDate], [StartDate], [ContractTypeId]) VALUES (N'2044facd-d490-460a-5cdb-08d7335e4155', N'G00083', N'vu.nguyen@groovetechnology.com', N'Vu Nguyen', N'Nguyen', N'Vu', 0, NULL, CAST(N'0001-01-01T00:00:00.0000000' AS DateTime2), CAST(N'2017-10-16T00:00:00.0000000' AS DateTime2), 1)
INSERT [dbo].[Users] ([Id], [EmployeeId], [Email], [FullName], [FirstName], [LastName], [isMale], [Photo], [BirthDate], [StartDate], [ContractTypeId]) VALUES (N'251bb43b-5baf-45bb-5cdc-08d7335e4155', N'G00084', N'vinh.trang@groovetechnology.com', N'Vinh Trang', N'Trang', N'Vinh', 0, NULL, CAST(N'0001-01-01T00:00:00.0000000' AS DateTime2), CAST(N'2017-11-06T00:00:00.0000000' AS DateTime2), 1)
INSERT [dbo].[Users] ([Id], [EmployeeId], [Email], [FullName], [FirstName], [LastName], [isMale], [Photo], [BirthDate], [StartDate], [ContractTypeId]) VALUES (N'c8ca48bf-4929-45e2-5cdd-08d7335e4155', N'G00087', N'trinh.nguyen@groovetechnology.com', N'Trinh Nguyen', N'Nguyen', N'Trinh', 0, NULL, CAST(N'0001-01-01T00:00:00.0000000' AS DateTime2), CAST(N'2017-11-27T00:00:00.0000000' AS DateTime2), 1)
INSERT [dbo].[Users] ([Id], [EmployeeId], [Email], [FullName], [FirstName], [LastName], [isMale], [Photo], [BirthDate], [StartDate], [ContractTypeId]) VALUES (N'9b86a75c-4717-477d-5cde-08d7335e4155', N'G00088', N'vinh.trinh@groovetechnology.com', N'Vinh Trinh', N'Trinh', N'Vinh', 0, NULL, CAST(N'0001-01-01T00:00:00.0000000' AS DateTime2), CAST(N'2017-11-27T00:00:00.0000000' AS DateTime2), 1)
INSERT [dbo].[Users] ([Id], [EmployeeId], [Email], [FullName], [FirstName], [LastName], [isMale], [Photo], [BirthDate], [StartDate], [ContractTypeId]) VALUES (N'0634fb7c-3ac4-4d6d-5cdf-08d7335e4155', N'G00090', N'phuong.nguyen@groovetechnology.com', N'Phuong Nguyen', N'Nguyen', N'Phuong', 0, NULL, CAST(N'0001-01-01T00:00:00.0000000' AS DateTime2), CAST(N'2018-01-02T00:00:00.0000000' AS DateTime2), 1)
INSERT [dbo].[Users] ([Id], [EmployeeId], [Email], [FullName], [FirstName], [LastName], [isMale], [Photo], [BirthDate], [StartDate], [ContractTypeId]) VALUES (N'df3957fb-0da0-479d-5ce0-08d7335e4155', N'G00093', N'dung.trann@groovetechnology.com', N'Dung Tran', N'Tran', N'Dung', 0, NULL, CAST(N'0001-01-01T00:00:00.0000000' AS DateTime2), CAST(N'2018-02-21T00:00:00.0000000' AS DateTime2), 1)
INSERT [dbo].[Users] ([Id], [EmployeeId], [Email], [FullName], [FirstName], [LastName], [isMale], [Photo], [BirthDate], [StartDate], [ContractTypeId]) VALUES (N'a64f44b8-d9df-4ab3-5ce1-08d7335e4155', N'G00095', N'hai.hoang@groovetechnology.com', N'Hai Hoang', N'Hoang', N'Hai', 0, NULL, CAST(N'0001-01-01T00:00:00.0000000' AS DateTime2), CAST(N'2018-02-21T00:00:00.0000000' AS DateTime2), 1)
INSERT [dbo].[Users] ([Id], [EmployeeId], [Email], [FullName], [FirstName], [LastName], [isMale], [Photo], [BirthDate], [StartDate], [ContractTypeId]) VALUES (N'85c14bbd-f3d7-464f-5ce2-08d7335e4155', N'G00098', N'vuong.do@groovetechnology.com', N'Vuong Do', N'Do', N'Vuong', 0, NULL, CAST(N'0001-01-01T00:00:00.0000000' AS DateTime2), CAST(N'2018-03-05T00:00:00.0000000' AS DateTime2), 1)
INSERT [dbo].[Users] ([Id], [EmployeeId], [Email], [FullName], [FirstName], [LastName], [isMale], [Photo], [BirthDate], [StartDate], [ContractTypeId]) VALUES (N'188d6df9-ec56-4400-5ce3-08d7335e4155', N'G00099', N'nam.ngo@groovetechnology.com', N'Nam Ngo', N'Ngo', N'Nam', 0, NULL, CAST(N'0001-01-01T00:00:00.0000000' AS DateTime2), CAST(N'2018-03-05T00:00:00.0000000' AS DateTime2), 1)
INSERT [dbo].[Users] ([Id], [EmployeeId], [Email], [FullName], [FirstName], [LastName], [isMale], [Photo], [BirthDate], [StartDate], [ContractTypeId]) VALUES (N'06706188-f422-476d-5ce4-08d7335e4155', N'G00100', N'ngan.luong@groovetechnology.com', N'Ngan Luong', N'Luong', N'Ngan', 0, NULL, CAST(N'0001-01-01T00:00:00.0000000' AS DateTime2), CAST(N'2018-03-19T00:00:00.0000000' AS DateTime2), 1)
INSERT [dbo].[Users] ([Id], [EmployeeId], [Email], [FullName], [FirstName], [LastName], [isMale], [Photo], [BirthDate], [StartDate], [ContractTypeId]) VALUES (N'0882ee05-0246-4856-5ce5-08d7335e4155', N'G00103', N'chuong.le@groovetechnology.com', N'Chuong Le', N'Le', N'Chuong', 0, NULL, CAST(N'0001-01-01T00:00:00.0000000' AS DateTime2), CAST(N'2018-04-09T00:00:00.0000000' AS DateTime2), 1)
INSERT [dbo].[Users] ([Id], [EmployeeId], [Email], [FullName], [FirstName], [LastName], [isMale], [Photo], [BirthDate], [StartDate], [ContractTypeId]) VALUES (N'a4aa696e-2315-4a32-5ce6-08d7335e4155', N'G00108', N'minh.vu@groovetechnology.com', N'Minh Vu', N'Vu', N'Minh', 0, NULL, CAST(N'0001-01-01T00:00:00.0000000' AS DateTime2), CAST(N'2018-05-15T00:00:00.0000000' AS DateTime2), 1)
INSERT [dbo].[Users] ([Id], [EmployeeId], [Email], [FullName], [FirstName], [LastName], [isMale], [Photo], [BirthDate], [StartDate], [ContractTypeId]) VALUES (N'8b4baa78-41e2-4543-5ce7-08d7335e4155', N'G00109', N'cuong.phan@groovetechnology.com', N'Cuong Phan', N'Phan', N'Cuong', 0, NULL, CAST(N'0001-01-01T00:00:00.0000000' AS DateTime2), CAST(N'2018-06-04T00:00:00.0000000' AS DateTime2), 1)
INSERT [dbo].[Users] ([Id], [EmployeeId], [Email], [FullName], [FirstName], [LastName], [isMale], [Photo], [BirthDate], [StartDate], [ContractTypeId]) VALUES (N'9e9adaf5-0d3a-4c12-5ce8-08d7335e4155', N'G00110', N'khoi.nguyen@groovetechnology.com', N'Khoi Nguyen', N'Nguyen', N'Khoi', 0, NULL, CAST(N'0001-01-01T00:00:00.0000000' AS DateTime2), CAST(N'2018-06-04T00:00:00.0000000' AS DateTime2), 1)
INSERT [dbo].[Users] ([Id], [EmployeeId], [Email], [FullName], [FirstName], [LastName], [isMale], [Photo], [BirthDate], [StartDate], [ContractTypeId]) VALUES (N'ac6bbc31-104b-4d66-5ce9-08d7335e4155', N'G00111', N'thai.nguyen@groovetechnology.com', N'Thai Nguyen', N'Nguyen', N'Thai', 0, NULL, CAST(N'0001-01-01T00:00:00.0000000' AS DateTime2), CAST(N'2018-06-04T00:00:00.0000000' AS DateTime2), 1)
INSERT [dbo].[Users] ([Id], [EmployeeId], [Email], [FullName], [FirstName], [LastName], [isMale], [Photo], [BirthDate], [StartDate], [ContractTypeId]) VALUES (N'eabb8ab3-a806-413a-5cea-08d7335e4155', N'G00113', N'tin.pham@groovetechnology.com', N'Tin Pham', N'Pham', N'Tin', 0, NULL, CAST(N'0001-01-01T00:00:00.0000000' AS DateTime2), CAST(N'2018-06-25T00:00:00.0000000' AS DateTime2), 1)
INSERT [dbo].[Users] ([Id], [EmployeeId], [Email], [FullName], [FirstName], [LastName], [isMale], [Photo], [BirthDate], [StartDate], [ContractTypeId]) VALUES (N'491e8c4c-4c9c-4ab2-5ceb-08d7335e4155', N'G00114', N'van.tang@groovetechnology.com', N'Van Tang', N'Tang', N'Van', 0, NULL, CAST(N'0001-01-01T00:00:00.0000000' AS DateTime2), CAST(N'2018-06-25T00:00:00.0000000' AS DateTime2), 1)
INSERT [dbo].[Users] ([Id], [EmployeeId], [Email], [FullName], [FirstName], [LastName], [isMale], [Photo], [BirthDate], [StartDate], [ContractTypeId]) VALUES (N'f903afca-4c8e-4c60-5cec-08d7335e4155', N'G00116', N'truc.luc@groovetechnology.com', N'Truc Luc', N'Luc', N'Truc', 0, NULL, CAST(N'0001-01-01T00:00:00.0000000' AS DateTime2), CAST(N'2018-07-02T00:00:00.0000000' AS DateTime2), 1)
INSERT [dbo].[Users] ([Id], [EmployeeId], [Email], [FullName], [FirstName], [LastName], [isMale], [Photo], [BirthDate], [StartDate], [ContractTypeId]) VALUES (N'797701c5-2d2a-498e-5ced-08d7335e4155', N'G00117', N'phuong.nguyenduy@groovetechnology.com', N'Phuong Nguyen', N'Nguyen', N'Phuong', 0, NULL, CAST(N'0001-01-01T00:00:00.0000000' AS DateTime2), CAST(N'2018-07-02T00:00:00.0000000' AS DateTime2), 1)
INSERT [dbo].[Users] ([Id], [EmployeeId], [Email], [FullName], [FirstName], [LastName], [isMale], [Photo], [BirthDate], [StartDate], [ContractTypeId]) VALUES (N'c67a6845-6e32-4655-5cee-08d7335e4155', N'G00121', N'hoa.nguyen@groovetechnology.com', N'Hoa Nguyen', N'Nguyen', N'Hoa', 0, NULL, CAST(N'0001-01-01T00:00:00.0000000' AS DateTime2), CAST(N'2018-07-16T00:00:00.0000000' AS DateTime2), 1)
INSERT [dbo].[Users] ([Id], [EmployeeId], [Email], [FullName], [FirstName], [LastName], [isMale], [Photo], [BirthDate], [StartDate], [ContractTypeId]) VALUES (N'c156b92f-a9c0-4cdc-5cef-08d7335e4155', N'G00122', N'cuc.nguyen@groovetechnology.com', N'Cuc Nguyen', N'Nguyen', N'Cuc', 0, NULL, CAST(N'0001-01-01T00:00:00.0000000' AS DateTime2), CAST(N'2018-07-16T00:00:00.0000000' AS DateTime2), 1)
INSERT [dbo].[Users] ([Id], [EmployeeId], [Email], [FullName], [FirstName], [LastName], [isMale], [Photo], [BirthDate], [StartDate], [ContractTypeId]) VALUES (N'5f2268aa-4a2e-4887-5cf0-08d7335e4155', N'G00123', N'quynh.ho@groovetechnology.com', N'Quynh Ho', N'Ho', N'Quynh', 0, NULL, CAST(N'0001-01-01T00:00:00.0000000' AS DateTime2), CAST(N'2018-08-01T00:00:00.0000000' AS DateTime2), 1)
INSERT [dbo].[Users] ([Id], [EmployeeId], [Email], [FullName], [FirstName], [LastName], [isMale], [Photo], [BirthDate], [StartDate], [ContractTypeId]) VALUES (N'e94c5e74-c611-4310-5cf1-08d7335e4155', N'G00124', N'cuong.duong@groovetechnology.com', N'Cuong Duong', N'Duong', N'Cuong', 0, NULL, CAST(N'0001-01-01T00:00:00.0000000' AS DateTime2), CAST(N'2018-08-06T00:00:00.0000000' AS DateTime2), 1)
INSERT [dbo].[Users] ([Id], [EmployeeId], [Email], [FullName], [FirstName], [LastName], [isMale], [Photo], [BirthDate], [StartDate], [ContractTypeId]) VALUES (N'3ba21f70-b03b-4be4-5cf2-08d7335e4155', N'G00126', N'thien.nguyen@groovetechnology.com', N'Thien Nguyen', N'Nguyen', N'Thien', 0, NULL, CAST(N'0001-01-01T00:00:00.0000000' AS DateTime2), CAST(N'2018-08-13T00:00:00.0000000' AS DateTime2), 1)
INSERT [dbo].[Users] ([Id], [EmployeeId], [Email], [FullName], [FirstName], [LastName], [isMale], [Photo], [BirthDate], [StartDate], [ContractTypeId]) VALUES (N'38c6dc1d-b230-4923-5cf3-08d7335e4155', N'G00127', N'tuan.thai@groovetechnology.com', N'Tuan Thai', N'Thai', N'Tuan', 0, NULL, CAST(N'0001-01-01T00:00:00.0000000' AS DateTime2), CAST(N'2018-08-13T00:00:00.0000000' AS DateTime2), 1)
INSERT [dbo].[Users] ([Id], [EmployeeId], [Email], [FullName], [FirstName], [LastName], [isMale], [Photo], [BirthDate], [StartDate], [ContractTypeId]) VALUES (N'd5d86147-06c0-4dfe-5cf4-08d7335e4155', N'G00129', N'thanh.vong@groovetechnology.com', N'Thanh Vong', N'Vong', N'Thanh', 0, NULL, CAST(N'0001-01-01T00:00:00.0000000' AS DateTime2), CAST(N'2018-09-17T00:00:00.0000000' AS DateTime2), 1)
INSERT [dbo].[Users] ([Id], [EmployeeId], [Email], [FullName], [FirstName], [LastName], [isMale], [Photo], [BirthDate], [StartDate], [ContractTypeId]) VALUES (N'01e56cc8-6462-4ce8-5cf5-08d7335e4155', N'G00130', N'trung.nguyen@groovetechnology.com', N'Trung Nguyen', N'Nguyen', N'Trung', 0, NULL, CAST(N'0001-01-01T00:00:00.0000000' AS DateTime2), CAST(N'2018-10-08T00:00:00.0000000' AS DateTime2), 1)
INSERT [dbo].[Users] ([Id], [EmployeeId], [Email], [FullName], [FirstName], [LastName], [isMale], [Photo], [BirthDate], [StartDate], [ContractTypeId]) VALUES (N'1e9bbd07-a983-43ed-5cf6-08d7335e4155', N'G00132', N'thuy.nguyenlm@groovetechnology.com', N'Thuy Nguyen', N'Nguyen', N'Thuy', 0, NULL, CAST(N'0001-01-01T00:00:00.0000000' AS DateTime2), CAST(N'2018-10-01T00:00:00.0000000' AS DateTime2), 1)
INSERT [dbo].[Users] ([Id], [EmployeeId], [Email], [FullName], [FirstName], [LastName], [isMale], [Photo], [BirthDate], [StartDate], [ContractTypeId]) VALUES (N'b4278d46-8fec-47dd-5cf7-08d7335e4155', N'G00133', N'duc.doan@groovetechnology.com', N'Duc Doan', N'Doan', N'Duc', 0, NULL, CAST(N'0001-01-01T00:00:00.0000000' AS DateTime2), CAST(N'2018-10-23T00:00:00.0000000' AS DateTime2), 1)
INSERT [dbo].[Users] ([Id], [EmployeeId], [Email], [FullName], [FirstName], [LastName], [isMale], [Photo], [BirthDate], [StartDate], [ContractTypeId]) VALUES (N'438db27c-8063-4a00-5cf8-08d7335e4155', N'G00134', N'vu.nguyenhuy@groovetechnology.com', N'Vu Nguyen Huy', N'Nguyen Huy', N'Vu', 0, NULL, CAST(N'0001-01-01T00:00:00.0000000' AS DateTime2), CAST(N'2018-10-23T00:00:00.0000000' AS DateTime2), 1)
INSERT [dbo].[Users] ([Id], [EmployeeId], [Email], [FullName], [FirstName], [LastName], [isMale], [Photo], [BirthDate], [StartDate], [ContractTypeId]) VALUES (N'3e6b3ee1-9b63-42ee-5cf9-08d7335e4155', N'G00135', N'dinh.nguyen@groovetechnology.com', N'Dinh Nguyen', N'Nguyen', N'Dinh', 0, NULL, CAST(N'0001-01-01T00:00:00.0000000' AS DateTime2), CAST(N'2018-10-23T00:00:00.0000000' AS DateTime2), 1)
INSERT [dbo].[Users] ([Id], [EmployeeId], [Email], [FullName], [FirstName], [LastName], [isMale], [Photo], [BirthDate], [StartDate], [ContractTypeId]) VALUES (N'842568a0-5b72-4699-5cfa-08d7335e4155', N'G00136', N'tan.trinh@groovetechnology.com', N'Tan Trinh', N'Trinh', N'Tan', 0, NULL, CAST(N'0001-01-01T00:00:00.0000000' AS DateTime2), CAST(N'2018-10-23T00:00:00.0000000' AS DateTime2), 1)
INSERT [dbo].[Users] ([Id], [EmployeeId], [Email], [FullName], [FirstName], [LastName], [isMale], [Photo], [BirthDate], [StartDate], [ContractTypeId]) VALUES (N'7b160093-48d7-463e-5cfb-08d7335e4155', N'G00140', N'cuong.tran@groovetechnology.com', N'Cuong Tran', N'Tran', N'Cuong', 0, NULL, CAST(N'0001-01-01T00:00:00.0000000' AS DateTime2), CAST(N'2018-11-12T00:00:00.0000000' AS DateTime2), 1)
INSERT [dbo].[Users] ([Id], [EmployeeId], [Email], [FullName], [FirstName], [LastName], [isMale], [Photo], [BirthDate], [StartDate], [ContractTypeId]) VALUES (N'38fd510e-e298-48ce-5cfc-08d7335e4155', N'G00142', N'an.nguyen@groovetechnology.com', N'An Nguyen', N'Nguyen', N'An', 0, NULL, CAST(N'0001-01-01T00:00:00.0000000' AS DateTime2), CAST(N'2018-11-20T00:00:00.0000000' AS DateTime2), 1)
INSERT [dbo].[Users] ([Id], [EmployeeId], [Email], [FullName], [FirstName], [LastName], [isMale], [Photo], [BirthDate], [StartDate], [ContractTypeId]) VALUES (N'8d100891-aa07-4743-5cfd-08d7335e4155', N'G00143', N'thang.nguyen@groovetechnology.com', N'Thang Nguyen', N'Nguyen', N'Thang', 0, NULL, CAST(N'0001-01-01T00:00:00.0000000' AS DateTime2), CAST(N'2018-11-27T00:00:00.0000000' AS DateTime2), 1)
INSERT [dbo].[Users] ([Id], [EmployeeId], [Email], [FullName], [FirstName], [LastName], [isMale], [Photo], [BirthDate], [StartDate], [ContractTypeId]) VALUES (N'40dbf917-c905-4d1d-5cfe-08d7335e4155', N'G00144', N'tam.hua@groovetechnology.com', N'Tam Hua', N'Hua', N'Tam', 0, NULL, CAST(N'0001-01-01T00:00:00.0000000' AS DateTime2), CAST(N'2018-12-24T00:00:00.0000000' AS DateTime2), 1)
INSERT [dbo].[Users] ([Id], [EmployeeId], [Email], [FullName], [FirstName], [LastName], [isMale], [Photo], [BirthDate], [StartDate], [ContractTypeId]) VALUES (N'e3cd5a81-4744-4a7f-5cff-08d7335e4155', N'G00146', N'an.ho@groovetechnology.com', N'An Ho', N'Ho', N'An', 0, NULL, CAST(N'0001-01-01T00:00:00.0000000' AS DateTime2), CAST(N'2019-01-02T00:00:00.0000000' AS DateTime2), 1)
INSERT [dbo].[Users] ([Id], [EmployeeId], [Email], [FullName], [FirstName], [LastName], [isMale], [Photo], [BirthDate], [StartDate], [ContractTypeId]) VALUES (N'beb5ce8e-5f5b-4e11-5d00-08d7335e4155', N'G00147', N'khang.ton@groovetechnology.com', N'Khang Ton', N'Ton', N'Khang', 0, NULL, CAST(N'0001-01-01T00:00:00.0000000' AS DateTime2), CAST(N'2019-01-28T00:00:00.0000000' AS DateTime2), 1)
INSERT [dbo].[Users] ([Id], [EmployeeId], [Email], [FullName], [FirstName], [LastName], [isMale], [Photo], [BirthDate], [StartDate], [ContractTypeId]) VALUES (N'b0742fa8-5236-4c39-5d01-08d7335e4155', N'G00157', N'hoang.ha@groovetechnology.com', N'Hoang Ha', N'Ha', N'Hoang', 0, NULL, CAST(N'0001-01-01T00:00:00.0000000' AS DateTime2), CAST(N'2019-02-18T00:00:00.0000000' AS DateTime2), 1)
INSERT [dbo].[Users] ([Id], [EmployeeId], [Email], [FullName], [FirstName], [LastName], [isMale], [Photo], [BirthDate], [StartDate], [ContractTypeId]) VALUES (N'27cfec1b-357f-4d14-5d02-08d7335e4155', N'G00148', N'huy.nguyen@groovetechnology.com', N'Huy Nguyen', N'Nguyen', N'Huy', 0, NULL, CAST(N'0001-01-01T00:00:00.0000000' AS DateTime2), CAST(N'2019-02-20T00:00:00.0000000' AS DateTime2), 1)
INSERT [dbo].[Users] ([Id], [EmployeeId], [Email], [FullName], [FirstName], [LastName], [isMale], [Photo], [BirthDate], [StartDate], [ContractTypeId]) VALUES (N'cfd7de75-d469-4358-5d03-08d7335e4155', N'G00149', N'bach.nguyen@groovetechnology.com', N'Bach Nguyen', N'Nguyen', N'Bach', 0, NULL, CAST(N'0001-01-01T00:00:00.0000000' AS DateTime2), CAST(N'2019-02-20T00:00:00.0000000' AS DateTime2), 1)
INSERT [dbo].[Users] ([Id], [EmployeeId], [Email], [FullName], [FirstName], [LastName], [isMale], [Photo], [BirthDate], [StartDate], [ContractTypeId]) VALUES (N'5c01f138-57c9-4926-5d04-08d7335e4155', N'G00150', N'thang.tran@groovetechnology.com', N'Thang Tran', N'Tran', N'Thang', 0, NULL, CAST(N'0001-01-01T00:00:00.0000000' AS DateTime2), CAST(N'2019-02-25T00:00:00.0000000' AS DateTime2), 1)
INSERT [dbo].[Users] ([Id], [EmployeeId], [Email], [FullName], [FirstName], [LastName], [isMale], [Photo], [BirthDate], [StartDate], [ContractTypeId]) VALUES (N'e10ad45a-6ada-41ed-5d05-08d7335e4155', N'G00151', N'phong.nguyen@groovetechnology.com', N'Phong Nguyen', N'Nguyen', N'Phong', 0, NULL, CAST(N'0001-01-01T00:00:00.0000000' AS DateTime2), CAST(N'2019-03-04T00:00:00.0000000' AS DateTime2), 1)
INSERT [dbo].[Users] ([Id], [EmployeeId], [Email], [FullName], [FirstName], [LastName], [isMale], [Photo], [BirthDate], [StartDate], [ContractTypeId]) VALUES (N'9c136db5-a1ed-423d-5d06-08d7335e4155', N'G00152', N'tuan.truong@groovetechnology.com', N'Tuan Truong', N'Truong', N'Tuan', 0, NULL, CAST(N'0001-01-01T00:00:00.0000000' AS DateTime2), CAST(N'2019-04-01T00:00:00.0000000' AS DateTime2), 1)
INSERT [dbo].[Users] ([Id], [EmployeeId], [Email], [FullName], [FirstName], [LastName], [isMale], [Photo], [BirthDate], [StartDate], [ContractTypeId]) VALUES (N'ea1d1633-1e0e-4348-5d07-08d7335e4155', N'G00153', N'phuoc.le@groovetechnology.com', N'Phuoc Le', N'Le', N'Phuoc', 0, NULL, CAST(N'0001-01-01T00:00:00.0000000' AS DateTime2), CAST(N'2019-04-03T00:00:00.0000000' AS DateTime2), 1)
INSERT [dbo].[Users] ([Id], [EmployeeId], [Email], [FullName], [FirstName], [LastName], [isMale], [Photo], [BirthDate], [StartDate], [ContractTypeId]) VALUES (N'4afdd1ba-d855-4f15-5d08-08d7335e4155', N'G00159', N'hoa.pham@groovetechnology.com', N'Hoa Pham', N'Pham', N'Hoa', 0, NULL, CAST(N'0001-01-01T00:00:00.0000000' AS DateTime2), CAST(N'2019-05-20T00:00:00.0000000' AS DateTime2), 1)
GO
INSERT [dbo].[Users] ([Id], [EmployeeId], [Email], [FullName], [FirstName], [LastName], [isMale], [Photo], [BirthDate], [StartDate], [ContractTypeId]) VALUES (N'23a38c2c-6187-42e3-e06f-08d734ea4fbd', N'G10000', N'matt@groovetechnology.com', N'Matt Long', N'Long', N'Matt', 0, NULL, CAST(N'0001-01-01T00:00:00.0000000' AS DateTime2), CAST(N'0001-01-01T00:00:00.0000000' AS DateTime2), 1)
INSERT [dbo].[Users] ([Id], [EmployeeId], [Email], [FullName], [FirstName], [LastName], [isMale], [Photo], [BirthDate], [StartDate], [ContractTypeId]) VALUES (N'5f7daba5-5abd-4aad-e070-08d734ea4fbd', N'G00001', N'tan.truong@groovetechnology.com', N'Tan Truong', N'Truong', N'Tan', 0, NULL, CAST(N'0001-01-01T00:00:00.0000000' AS DateTime2), CAST(N'2016-11-17T00:00:00.0000000' AS DateTime2), 1)
INSERT [dbo].[Users] ([Id], [EmployeeId], [Email], [FullName], [FirstName], [LastName], [isMale], [Photo], [BirthDate], [StartDate], [ContractTypeId]) VALUES (N'6ebc47b8-e4fd-4014-e071-08d734ea4fbd', N'G00002', N'thuan.ha@groovetechnology.com', N'Thuan Ha', N'Ha', N'Thuan', 0, NULL, CAST(N'0001-01-01T00:00:00.0000000' AS DateTime2), CAST(N'2016-11-17T00:00:00.0000000' AS DateTime2), 1)
INSERT [dbo].[Users] ([Id], [EmployeeId], [Email], [FullName], [FirstName], [LastName], [isMale], [Photo], [BirthDate], [StartDate], [ContractTypeId]) VALUES (N'd316bfaf-bc4e-43a8-e072-08d734ea4fbd', N'G00004', N'tuan.hoang@groovetechnology.com', N'Tuan Hoang', N'Hoang', N'Tuan', 0, NULL, CAST(N'0001-01-01T00:00:00.0000000' AS DateTime2), CAST(N'2016-11-18T00:00:00.0000000' AS DateTime2), 1)
INSERT [dbo].[Users] ([Id], [EmployeeId], [Email], [FullName], [FirstName], [LastName], [isMale], [Photo], [BirthDate], [StartDate], [ContractTypeId]) VALUES (N'a1961d71-3d25-437c-e073-08d734ea4fbd', N'G00005', N'tho.lai@groovetechnology.com', N'Tho Lai', N'Lai', N'Tho', 0, NULL, CAST(N'0001-01-01T00:00:00.0000000' AS DateTime2), CAST(N'2016-11-18T00:00:00.0000000' AS DateTime2), 1)
INSERT [dbo].[Users] ([Id], [EmployeeId], [Email], [FullName], [FirstName], [LastName], [isMale], [Photo], [BirthDate], [StartDate], [ContractTypeId]) VALUES (N'c19e4d7f-4e09-43b8-e074-08d734ea4fbd', N'G00007', N'hanh.tran@groovetechnology.com', N'Hanh Tran', N'Tran', N'Hanh', 0, NULL, CAST(N'0001-01-01T00:00:00.0000000' AS DateTime2), CAST(N'2016-11-21T00:00:00.0000000' AS DateTime2), 1)
INSERT [dbo].[Users] ([Id], [EmployeeId], [Email], [FullName], [FirstName], [LastName], [isMale], [Photo], [BirthDate], [StartDate], [ContractTypeId]) VALUES (N'26547baf-c244-41a6-e075-08d734ea4fbd', N'G00008', N'an.ha@groovetechnology.com', N'An Ha', N'Ha', N'An', 0, NULL, CAST(N'0001-01-01T00:00:00.0000000' AS DateTime2), CAST(N'2016-11-21T00:00:00.0000000' AS DateTime2), 1)
INSERT [dbo].[Users] ([Id], [EmployeeId], [Email], [FullName], [FirstName], [LastName], [isMale], [Photo], [BirthDate], [StartDate], [ContractTypeId]) VALUES (N'7304a3d4-7c6f-47a2-e076-08d734ea4fbd', N'G00010', N'duy.nguyen@groovetechnology.com', N'Duy Nguyen', N'Nguyen', N'Duy', 0, NULL, CAST(N'0001-01-01T00:00:00.0000000' AS DateTime2), CAST(N'2016-11-21T00:00:00.0000000' AS DateTime2), 1)
INSERT [dbo].[Users] ([Id], [EmployeeId], [Email], [FullName], [FirstName], [LastName], [isMale], [Photo], [BirthDate], [StartDate], [ContractTypeId]) VALUES (N'49a1c1fc-da63-42ea-e077-08d734ea4fbd', N'G00012', N'my.trinh@groovetechnology.com', N'My Trinh', N'Trinh', N'My', 0, NULL, CAST(N'0001-01-01T00:00:00.0000000' AS DateTime2), CAST(N'2016-11-21T00:00:00.0000000' AS DateTime2), 1)
INSERT [dbo].[Users] ([Id], [EmployeeId], [Email], [FullName], [FirstName], [LastName], [isMale], [Photo], [BirthDate], [StartDate], [ContractTypeId]) VALUES (N'6ddbe757-04cf-408f-e078-08d734ea4fbd', N'G00013', N'hai.nguyen@groovetechnology.com', N'Hai Nguyen', N'Nguyen', N'Hai', 0, NULL, CAST(N'0001-01-01T00:00:00.0000000' AS DateTime2), CAST(N'2016-11-21T00:00:00.0000000' AS DateTime2), 1)
INSERT [dbo].[Users] ([Id], [EmployeeId], [Email], [FullName], [FirstName], [LastName], [isMale], [Photo], [BirthDate], [StartDate], [ContractTypeId]) VALUES (N'f1d375fd-71cb-49ce-e079-08d734ea4fbd', N'G00014', N'sanh.nguyen@groovetechnology.com', N'Sanh Nguyen', N'Nguyen', N'Sanh', 0, NULL, CAST(N'0001-01-01T00:00:00.0000000' AS DateTime2), CAST(N'2016-11-21T00:00:00.0000000' AS DateTime2), 1)
INSERT [dbo].[Users] ([Id], [EmployeeId], [Email], [FullName], [FirstName], [LastName], [isMale], [Photo], [BirthDate], [StartDate], [ContractTypeId]) VALUES (N'ca1c5c68-198d-491e-e07a-08d734ea4fbd', N'G00015', N'loan.ngo@groovetechnology.com', N'Loan Ngo', N'Ngo', N'Loan', 0, NULL, CAST(N'0001-01-01T00:00:00.0000000' AS DateTime2), CAST(N'2016-11-21T00:00:00.0000000' AS DateTime2), 1)
INSERT [dbo].[Users] ([Id], [EmployeeId], [Email], [FullName], [FirstName], [LastName], [isMale], [Photo], [BirthDate], [StartDate], [ContractTypeId]) VALUES (N'afd9dc63-1364-4b0e-e07b-08d734ea4fbd', N'G00016', N'duong.tiet@groovetechnology.com', N'Duong Tiet', N'Tiet', N'Duong', 0, NULL, CAST(N'0001-01-01T00:00:00.0000000' AS DateTime2), CAST(N'2016-11-21T00:00:00.0000000' AS DateTime2), 1)
INSERT [dbo].[Users] ([Id], [EmployeeId], [Email], [FullName], [FirstName], [LastName], [isMale], [Photo], [BirthDate], [StartDate], [ContractTypeId]) VALUES (N'0ef44479-ab18-40c8-e07c-08d734ea4fbd', N'G00017', N'thanh.pham@groovetechnology.com', N'Thanh Pham', N'Pham', N'Thanh', 0, NULL, CAST(N'0001-01-01T00:00:00.0000000' AS DateTime2), CAST(N'2016-11-21T00:00:00.0000000' AS DateTime2), 1)
INSERT [dbo].[Users] ([Id], [EmployeeId], [Email], [FullName], [FirstName], [LastName], [isMale], [Photo], [BirthDate], [StartDate], [ContractTypeId]) VALUES (N'476cba34-c658-414c-e07d-08d734ea4fbd', N'G00018', N'van.tran@groovetechnology.com', N'Van Tran', N'Tran', N'Van', 0, NULL, CAST(N'0001-01-01T00:00:00.0000000' AS DateTime2), CAST(N'2016-11-21T00:00:00.0000000' AS DateTime2), 1)
INSERT [dbo].[Users] ([Id], [EmployeeId], [Email], [FullName], [FirstName], [LastName], [isMale], [Photo], [BirthDate], [StartDate], [ContractTypeId]) VALUES (N'45caf70d-6be0-4c11-e07e-08d734ea4fbd', N'G00019', N'tri.nguyen@groovetechnology.com', N'Tri Nguyen', N'Nguyen', N'Tri', 0, NULL, CAST(N'0001-01-01T00:00:00.0000000' AS DateTime2), CAST(N'2016-11-21T00:00:00.0000000' AS DateTime2), 1)
INSERT [dbo].[Users] ([Id], [EmployeeId], [Email], [FullName], [FirstName], [LastName], [isMale], [Photo], [BirthDate], [StartDate], [ContractTypeId]) VALUES (N'8041e426-d350-44ec-e07f-08d734ea4fbd', N'G00020', N'luong.pham@groovetechnology.com', N'Luong Pham', N'Pham', N'Luong', 0, NULL, CAST(N'0001-01-01T00:00:00.0000000' AS DateTime2), CAST(N'2016-11-21T00:00:00.0000000' AS DateTime2), 1)
INSERT [dbo].[Users] ([Id], [EmployeeId], [Email], [FullName], [FirstName], [LastName], [isMale], [Photo], [BirthDate], [StartDate], [ContractTypeId]) VALUES (N'4ca4ae15-e333-45f2-e080-08d734ea4fbd', N'G00021', N'duc.quach@groovetechnology.com', N'Duc Quach', N'Quach', N'Duc', 0, NULL, CAST(N'0001-01-01T00:00:00.0000000' AS DateTime2), CAST(N'2016-11-21T00:00:00.0000000' AS DateTime2), 1)
INSERT [dbo].[Users] ([Id], [EmployeeId], [Email], [FullName], [FirstName], [LastName], [isMale], [Photo], [BirthDate], [StartDate], [ContractTypeId]) VALUES (N'2e332846-9e94-48fe-e081-08d734ea4fbd', N'G00022', N'dung.nguyen@groovetechnology.com', N'Dung Nguyen', N'Nguyen', N'Dung', 0, NULL, CAST(N'0001-01-01T00:00:00.0000000' AS DateTime2), CAST(N'2016-11-21T00:00:00.0000000' AS DateTime2), 1)
INSERT [dbo].[Users] ([Id], [EmployeeId], [Email], [FullName], [FirstName], [LastName], [isMale], [Photo], [BirthDate], [StartDate], [ContractTypeId]) VALUES (N'dadeb8ca-2cec-4c00-e082-08d734ea4fbd', N'G00023', N'dung.le@groovetechnology.com', N'Dung Le', N'Le', N'Dung', 0, NULL, CAST(N'0001-01-01T00:00:00.0000000' AS DateTime2), CAST(N'2016-11-21T00:00:00.0000000' AS DateTime2), 1)
INSERT [dbo].[Users] ([Id], [EmployeeId], [Email], [FullName], [FirstName], [LastName], [isMale], [Photo], [BirthDate], [StartDate], [ContractTypeId]) VALUES (N'c9d021f3-b39d-4604-e083-08d734ea4fbd', N'G00024', N'phung.tran@groovetechnology.com', N'Phung Tran', N'Tran', N'Phung', 0, NULL, CAST(N'0001-01-01T00:00:00.0000000' AS DateTime2), CAST(N'2016-11-21T00:00:00.0000000' AS DateTime2), 1)
INSERT [dbo].[Users] ([Id], [EmployeeId], [Email], [FullName], [FirstName], [LastName], [isMale], [Photo], [BirthDate], [StartDate], [ContractTypeId]) VALUES (N'3b1913b5-906d-490c-e084-08d734ea4fbd', N'G00025', N'hieu.le@groovetechnology.com', N'Hieu Le', N'Le', N'Hieu', 0, NULL, CAST(N'0001-01-01T00:00:00.0000000' AS DateTime2), CAST(N'2016-11-21T00:00:00.0000000' AS DateTime2), 1)
INSERT [dbo].[Users] ([Id], [EmployeeId], [Email], [FullName], [FirstName], [LastName], [isMale], [Photo], [BirthDate], [StartDate], [ContractTypeId]) VALUES (N'28701727-21a0-4332-e085-08d734ea4fbd', N'G00027', N'dat.phung@groovetechnology.com', N'Dat Phung', N'Phung', N'Dat', 0, NULL, CAST(N'0001-01-01T00:00:00.0000000' AS DateTime2), CAST(N'2016-11-21T00:00:00.0000000' AS DateTime2), 1)
INSERT [dbo].[Users] ([Id], [EmployeeId], [Email], [FullName], [FirstName], [LastName], [isMale], [Photo], [BirthDate], [StartDate], [ContractTypeId]) VALUES (N'ee1983b8-751b-4996-e086-08d734ea4fbd', N'G00028', N'phu.phung@groovetechnology.com', N'Phu Phung', N'Phung', N'Phu', 0, NULL, CAST(N'0001-01-01T00:00:00.0000000' AS DateTime2), CAST(N'2016-11-22T00:00:00.0000000' AS DateTime2), 1)
INSERT [dbo].[Users] ([Id], [EmployeeId], [Email], [FullName], [FirstName], [LastName], [isMale], [Photo], [BirthDate], [StartDate], [ContractTypeId]) VALUES (N'45a6509b-d653-4393-e087-08d734ea4fbd', N'G00029', N'binh.doan@groovetechnology.com', N'Binh Doan', N'Doan', N'Binh', 0, NULL, CAST(N'0001-01-01T00:00:00.0000000' AS DateTime2), CAST(N'2016-11-22T00:00:00.0000000' AS DateTime2), 1)
INSERT [dbo].[Users] ([Id], [EmployeeId], [Email], [FullName], [FirstName], [LastName], [isMale], [Photo], [BirthDate], [StartDate], [ContractTypeId]) VALUES (N'42950cc2-4fe0-461d-e088-08d734ea4fbd', N'G00030', N'thin.nguyen@groovetechnology.com', N'Thin Nguyen', N'Nguyen', N'Thin', 0, NULL, CAST(N'0001-01-01T00:00:00.0000000' AS DateTime2), CAST(N'2016-11-22T00:00:00.0000000' AS DateTime2), 1)
INSERT [dbo].[Users] ([Id], [EmployeeId], [Email], [FullName], [FirstName], [LastName], [isMale], [Photo], [BirthDate], [StartDate], [ContractTypeId]) VALUES (N'56432e0f-02a4-47ee-e089-08d734ea4fbd', N'G00032', N'huy.luu@groovetechnology.com', N'Huy Luu', N'Luu', N'Huy', 0, NULL, CAST(N'0001-01-01T00:00:00.0000000' AS DateTime2), CAST(N'2016-11-22T00:00:00.0000000' AS DateTime2), 1)
INSERT [dbo].[Users] ([Id], [EmployeeId], [Email], [FullName], [FirstName], [LastName], [isMale], [Photo], [BirthDate], [StartDate], [ContractTypeId]) VALUES (N'e5b8d35f-0780-472d-e08a-08d734ea4fbd', N'G00033', N'linh.vu@groovetechnology.com', N'Linh Vu', N'Vu', N'Linh', 0, NULL, CAST(N'0001-01-01T00:00:00.0000000' AS DateTime2), CAST(N'2016-11-23T00:00:00.0000000' AS DateTime2), 1)
INSERT [dbo].[Users] ([Id], [EmployeeId], [Email], [FullName], [FirstName], [LastName], [isMale], [Photo], [BirthDate], [StartDate], [ContractTypeId]) VALUES (N'0e57539d-0e42-4040-e08b-08d734ea4fbd', N'G00034', N'chung.ly@groovetechnology.com', N'Chung Ly', N'Ly', N'Chung', 0, NULL, CAST(N'0001-01-01T00:00:00.0000000' AS DateTime2), CAST(N'2016-11-23T00:00:00.0000000' AS DateTime2), 1)
INSERT [dbo].[Users] ([Id], [EmployeeId], [Email], [FullName], [FirstName], [LastName], [isMale], [Photo], [BirthDate], [StartDate], [ContractTypeId]) VALUES (N'4296233b-db24-48cc-e08c-08d734ea4fbd', N'G00037', N'tuyen.nguyen@groovetechnology.com', N'Tuyen Nguyen', N'Nguyen', N'Tuyen', 0, NULL, CAST(N'0001-01-01T00:00:00.0000000' AS DateTime2), CAST(N'2016-11-24T00:00:00.0000000' AS DateTime2), 1)
INSERT [dbo].[Users] ([Id], [EmployeeId], [Email], [FullName], [FirstName], [LastName], [isMale], [Photo], [BirthDate], [StartDate], [ContractTypeId]) VALUES (N'5e34f595-3d3a-48ea-e08d-08d734ea4fbd', N'G00040', N'victor.tran@groovetechnology.com', N'Viet Tran', N'Tran', N'Viet', 0, NULL, CAST(N'0001-01-01T00:00:00.0000000' AS DateTime2), CAST(N'2016-12-01T00:00:00.0000000' AS DateTime2), 1)
INSERT [dbo].[Users] ([Id], [EmployeeId], [Email], [FullName], [FirstName], [LastName], [isMale], [Photo], [BirthDate], [StartDate], [ContractTypeId]) VALUES (N'5d5daf2d-5c71-4dd1-e08e-08d734ea4fbd', N'G00041', N'lien.chung@groovetechnology.com', N'Lien Chung', N'Chung', N'Lien', 0, NULL, CAST(N'0001-01-01T00:00:00.0000000' AS DateTime2), CAST(N'2016-12-01T00:00:00.0000000' AS DateTime2), 1)
INSERT [dbo].[Users] ([Id], [EmployeeId], [Email], [FullName], [FirstName], [LastName], [isMale], [Photo], [BirthDate], [StartDate], [ContractTypeId]) VALUES (N'5b6f4ca8-5a4b-4cbe-e08f-08d734ea4fbd', N'G00042', N'mai.duong@groovetechnology.com', N'Mai Duong', N'Duong', N'Mai', 0, NULL, CAST(N'0001-01-01T00:00:00.0000000' AS DateTime2), CAST(N'2017-01-03T00:00:00.0000000' AS DateTime2), 1)
INSERT [dbo].[Users] ([Id], [EmployeeId], [Email], [FullName], [FirstName], [LastName], [isMale], [Photo], [BirthDate], [StartDate], [ContractTypeId]) VALUES (N'a4d6871f-3bbc-4ba4-e090-08d734ea4fbd', N'G00043', N'phuoc.hoang@groovetechnology.com', N'Phuoc Hoang', N'Hoang', N'Phuoc', 0, NULL, CAST(N'0001-01-01T00:00:00.0000000' AS DateTime2), CAST(N'2017-01-03T00:00:00.0000000' AS DateTime2), 1)
INSERT [dbo].[Users] ([Id], [EmployeeId], [Email], [FullName], [FirstName], [LastName], [isMale], [Photo], [BirthDate], [StartDate], [ContractTypeId]) VALUES (N'60a03435-9aa5-43cf-e091-08d734ea4fbd', N'G00044', N'ba.nguyen@groovetechnology.com', N'Ba Nguyen', N'Nguyen', N'Ba', 0, NULL, CAST(N'0001-01-01T00:00:00.0000000' AS DateTime2), CAST(N'2017-01-03T00:00:00.0000000' AS DateTime2), 1)
INSERT [dbo].[Users] ([Id], [EmployeeId], [Email], [FullName], [FirstName], [LastName], [isMale], [Photo], [BirthDate], [StartDate], [ContractTypeId]) VALUES (N'ac0f96aa-ecd0-4b8c-e092-08d734ea4fbd', N'G00045', N'anh.nguyen@groovetechnology.com', N'Anh Nguyen', N'Nguyen', N'Anh', 0, NULL, CAST(N'0001-01-01T00:00:00.0000000' AS DateTime2), CAST(N'2017-01-09T00:00:00.0000000' AS DateTime2), 1)
INSERT [dbo].[Users] ([Id], [EmployeeId], [Email], [FullName], [FirstName], [LastName], [isMale], [Photo], [BirthDate], [StartDate], [ContractTypeId]) VALUES (N'8cc69abc-f1d3-4b66-e093-08d734ea4fbd', N'G00046', N'tin.truong@groovetechnology.com', N'Tin Truong', N'Truong', N'Tin', 0, NULL, CAST(N'0001-01-01T00:00:00.0000000' AS DateTime2), CAST(N'2017-01-16T00:00:00.0000000' AS DateTime2), 1)
INSERT [dbo].[Users] ([Id], [EmployeeId], [Email], [FullName], [FirstName], [LastName], [isMale], [Photo], [BirthDate], [StartDate], [ContractTypeId]) VALUES (N'485e2c85-3761-4439-e094-08d734ea4fbd', N'G00049', N'hieu.tran@groovetechnology.com', N'Hieu Tran', N'Tran', N'Hieu', 0, NULL, CAST(N'0001-01-01T00:00:00.0000000' AS DateTime2), CAST(N'2017-02-20T00:00:00.0000000' AS DateTime2), 1)
INSERT [dbo].[Users] ([Id], [EmployeeId], [Email], [FullName], [FirstName], [LastName], [isMale], [Photo], [BirthDate], [StartDate], [ContractTypeId]) VALUES (N'6fc99d00-0ade-43f3-e095-08d734ea4fbd', N'G00051', N'huyen.nguyent@groovetechnology.com', N'Huyen Nguyen', N'Nguyen', N'Huyen', 0, NULL, CAST(N'0001-01-01T00:00:00.0000000' AS DateTime2), CAST(N'2017-02-20T00:00:00.0000000' AS DateTime2), 1)
INSERT [dbo].[Users] ([Id], [EmployeeId], [Email], [FullName], [FirstName], [LastName], [isMale], [Photo], [BirthDate], [StartDate], [ContractTypeId]) VALUES (N'63533953-ecbf-4825-e096-08d734ea4fbd', N'G00052', N'truc.ha@groovetechnology.com', N'Truc Ha', N'Ha', N'Truc', 0, NULL, CAST(N'0001-01-01T00:00:00.0000000' AS DateTime2), CAST(N'2017-02-20T00:00:00.0000000' AS DateTime2), 1)
INSERT [dbo].[Users] ([Id], [EmployeeId], [Email], [FullName], [FirstName], [LastName], [isMale], [Photo], [BirthDate], [StartDate], [ContractTypeId]) VALUES (N'5bc8c2da-4ee1-4cc0-e097-08d734ea4fbd', N'G00053', N'mai.nguyen@groovetechnology.com', N'Mai Nguyen', N'Nguyen', N'Mai', 0, NULL, CAST(N'0001-01-01T00:00:00.0000000' AS DateTime2), CAST(N'2017-03-06T00:00:00.0000000' AS DateTime2), 1)
INSERT [dbo].[Users] ([Id], [EmployeeId], [Email], [FullName], [FirstName], [LastName], [isMale], [Photo], [BirthDate], [StartDate], [ContractTypeId]) VALUES (N'dc0b85c4-9e66-44e3-e098-08d734ea4fbd', N'G00055', N'thao.nguyen@groovetechnology.com', N'Thao Nguyen', N'Nguyen', N'Thao', 0, NULL, CAST(N'0001-01-01T00:00:00.0000000' AS DateTime2), CAST(N'2017-03-15T00:00:00.0000000' AS DateTime2), 1)
INSERT [dbo].[Users] ([Id], [EmployeeId], [Email], [FullName], [FirstName], [LastName], [isMale], [Photo], [BirthDate], [StartDate], [ContractTypeId]) VALUES (N'd281a54e-d1eb-4bd5-e099-08d734ea4fbd', N'G00056', N'tuan.nguyen@groovetechnology.com', N'Tuan Nguyen', N'Nguyen', N'Tuan', 0, NULL, CAST(N'0001-01-01T00:00:00.0000000' AS DateTime2), CAST(N'2017-03-20T00:00:00.0000000' AS DateTime2), 1)
INSERT [dbo].[Users] ([Id], [EmployeeId], [Email], [FullName], [FirstName], [LastName], [isMale], [Photo], [BirthDate], [StartDate], [ContractTypeId]) VALUES (N'5166119f-f0de-4c28-e09a-08d734ea4fbd', N'G00058', N'hai.le@groovetechnology.com', N'Hai Le', N'Le', N'Hai', 0, NULL, CAST(N'0001-01-01T00:00:00.0000000' AS DateTime2), CAST(N'2017-03-27T00:00:00.0000000' AS DateTime2), 1)
INSERT [dbo].[Users] ([Id], [EmployeeId], [Email], [FullName], [FirstName], [LastName], [isMale], [Photo], [BirthDate], [StartDate], [ContractTypeId]) VALUES (N'1e9b6da8-edf1-4915-e09b-08d734ea4fbd', N'G00059', N'tri.le@groovetechnology.com', N'Tri Le', N'Le', N'Tri', 0, NULL, CAST(N'0001-01-01T00:00:00.0000000' AS DateTime2), CAST(N'2017-04-03T00:00:00.0000000' AS DateTime2), 1)
INSERT [dbo].[Users] ([Id], [EmployeeId], [Email], [FullName], [FirstName], [LastName], [isMale], [Photo], [BirthDate], [StartDate], [ContractTypeId]) VALUES (N'b69dd10f-2bad-4ebb-e09c-08d734ea4fbd', N'G00063', N'nhi.truong@groovetechnology.com', N'Nhi Truong', N'Truong', N'Nhi', 0, NULL, CAST(N'0001-01-01T00:00:00.0000000' AS DateTime2), CAST(N'2017-04-10T00:00:00.0000000' AS DateTime2), 1)
INSERT [dbo].[Users] ([Id], [EmployeeId], [Email], [FullName], [FirstName], [LastName], [isMale], [Photo], [BirthDate], [StartDate], [ContractTypeId]) VALUES (N'44c31d9b-135f-4922-e09d-08d734ea4fbd', N'G00064', N'mai.nguyentn@groovetechnology.com', N'Mai Nguyen', N'Nguyen', N'Mai', 0, NULL, CAST(N'0001-01-01T00:00:00.0000000' AS DateTime2), CAST(N'2017-04-17T00:00:00.0000000' AS DateTime2), 1)
INSERT [dbo].[Users] ([Id], [EmployeeId], [Email], [FullName], [FirstName], [LastName], [isMale], [Photo], [BirthDate], [StartDate], [ContractTypeId]) VALUES (N'dc1dcd89-9219-46f0-e09e-08d734ea4fbd', N'G00066', N'khang.tran@groovetechnology.com', N'Khang Tran', N'Tran', N'Khang', 0, NULL, CAST(N'0001-01-01T00:00:00.0000000' AS DateTime2), CAST(N'2017-04-17T00:00:00.0000000' AS DateTime2), 1)
INSERT [dbo].[Users] ([Id], [EmployeeId], [Email], [FullName], [FirstName], [LastName], [isMale], [Photo], [BirthDate], [StartDate], [ContractTypeId]) VALUES (N'54da4a6a-80e3-4992-e09f-08d734ea4fbd', N'G00069', N'dinh.vu@groovetechnology.com', N'Dinh Vu', N'Vu', N'Dinh', 0, NULL, CAST(N'0001-01-01T00:00:00.0000000' AS DateTime2), CAST(N'2017-05-03T00:00:00.0000000' AS DateTime2), 1)
INSERT [dbo].[Users] ([Id], [EmployeeId], [Email], [FullName], [FirstName], [LastName], [isMale], [Photo], [BirthDate], [StartDate], [ContractTypeId]) VALUES (N'f5dc5915-511e-48e9-e0a0-08d734ea4fbd', N'G00070', N'huy.do@groovetechnology.com', N'Huy Do', N'Do', N'Huy', 0, NULL, CAST(N'0001-01-01T00:00:00.0000000' AS DateTime2), CAST(N'2017-05-08T00:00:00.0000000' AS DateTime2), 1)
INSERT [dbo].[Users] ([Id], [EmployeeId], [Email], [FullName], [FirstName], [LastName], [isMale], [Photo], [BirthDate], [StartDate], [ContractTypeId]) VALUES (N'66109304-4619-45eb-e0a1-08d734ea4fbd', N'G00071', N'hung.nguyen@groovetechnology.com', N'Hung Nguyen', N'Nguyen', N'Hung', 0, NULL, CAST(N'0001-01-01T00:00:00.0000000' AS DateTime2), CAST(N'2017-07-03T00:00:00.0000000' AS DateTime2), 1)
INSERT [dbo].[Users] ([Id], [EmployeeId], [Email], [FullName], [FirstName], [LastName], [isMale], [Photo], [BirthDate], [StartDate], [ContractTypeId]) VALUES (N'0a65074e-d555-464f-e0a2-08d734ea4fbd', N'G00072', N'hung.doan@groovetechnology.com', N'Hung Doan', N'Doan', N'Hung', 0, NULL, CAST(N'0001-01-01T00:00:00.0000000' AS DateTime2), CAST(N'2017-08-21T00:00:00.0000000' AS DateTime2), 1)
INSERT [dbo].[Users] ([Id], [EmployeeId], [Email], [FullName], [FirstName], [LastName], [isMale], [Photo], [BirthDate], [StartDate], [ContractTypeId]) VALUES (N'daf212bf-fab7-419b-e0a3-08d734ea4fbd', N'G00074', N'thinh.vo@groovetechnology.com', N'Thinh Vo', N'Vo', N'Thinh', 0, NULL, CAST(N'0001-01-01T00:00:00.0000000' AS DateTime2), CAST(N'2017-09-05T00:00:00.0000000' AS DateTime2), 1)
INSERT [dbo].[Users] ([Id], [EmployeeId], [Email], [FullName], [FirstName], [LastName], [isMale], [Photo], [BirthDate], [StartDate], [ContractTypeId]) VALUES (N'29070310-e815-4cea-e0a4-08d734ea4fbd', N'G00079', N'dung.nguyentm@groovetechnology.com', N'Dung Nguyen', N'Nguyen', N'Dung', 0, NULL, CAST(N'0001-01-01T00:00:00.0000000' AS DateTime2), CAST(N'2017-10-02T00:00:00.0000000' AS DateTime2), 1)
INSERT [dbo].[Users] ([Id], [EmployeeId], [Email], [FullName], [FirstName], [LastName], [isMale], [Photo], [BirthDate], [StartDate], [ContractTypeId]) VALUES (N'288b45d1-a2eb-4a61-e0a5-08d734ea4fbd', N'G00083', N'vu.nguyen@groovetechnology.com', N'Vu Nguyen', N'Nguyen', N'Vu', 0, NULL, CAST(N'0001-01-01T00:00:00.0000000' AS DateTime2), CAST(N'2017-10-16T00:00:00.0000000' AS DateTime2), 1)
INSERT [dbo].[Users] ([Id], [EmployeeId], [Email], [FullName], [FirstName], [LastName], [isMale], [Photo], [BirthDate], [StartDate], [ContractTypeId]) VALUES (N'3ff765e5-259c-4ccf-e0a6-08d734ea4fbd', N'G00084', N'vinh.trang@groovetechnology.com', N'Vinh Trang', N'Trang', N'Vinh', 0, NULL, CAST(N'0001-01-01T00:00:00.0000000' AS DateTime2), CAST(N'2017-11-06T00:00:00.0000000' AS DateTime2), 1)
INSERT [dbo].[Users] ([Id], [EmployeeId], [Email], [FullName], [FirstName], [LastName], [isMale], [Photo], [BirthDate], [StartDate], [ContractTypeId]) VALUES (N'0ba69b16-06ff-4e0f-e0a7-08d734ea4fbd', N'G00087', N'trinh.nguyen@groovetechnology.com', N'Trinh Nguyen', N'Nguyen', N'Trinh', 0, NULL, CAST(N'0001-01-01T00:00:00.0000000' AS DateTime2), CAST(N'2017-11-27T00:00:00.0000000' AS DateTime2), 1)
INSERT [dbo].[Users] ([Id], [EmployeeId], [Email], [FullName], [FirstName], [LastName], [isMale], [Photo], [BirthDate], [StartDate], [ContractTypeId]) VALUES (N'849a9084-b02e-402f-e0a8-08d734ea4fbd', N'G00088', N'vinh.trinh@groovetechnology.com', N'Vinh Trinh', N'Trinh', N'Vinh', 0, NULL, CAST(N'0001-01-01T00:00:00.0000000' AS DateTime2), CAST(N'2017-11-27T00:00:00.0000000' AS DateTime2), 1)
INSERT [dbo].[Users] ([Id], [EmployeeId], [Email], [FullName], [FirstName], [LastName], [isMale], [Photo], [BirthDate], [StartDate], [ContractTypeId]) VALUES (N'79f556fc-84e6-4674-e0a9-08d734ea4fbd', N'G00090', N'phuong.nguyen@groovetechnology.com', N'Phuong Nguyen', N'Nguyen', N'Phuong', 0, NULL, CAST(N'0001-01-01T00:00:00.0000000' AS DateTime2), CAST(N'2018-01-02T00:00:00.0000000' AS DateTime2), 1)
INSERT [dbo].[Users] ([Id], [EmployeeId], [Email], [FullName], [FirstName], [LastName], [isMale], [Photo], [BirthDate], [StartDate], [ContractTypeId]) VALUES (N'81a77663-556c-4da4-e0aa-08d734ea4fbd', N'G00093', N'dung.trann@groovetechnology.com', N'Dung Tran', N'Tran', N'Dung', 0, NULL, CAST(N'0001-01-01T00:00:00.0000000' AS DateTime2), CAST(N'2018-02-21T00:00:00.0000000' AS DateTime2), 1)
INSERT [dbo].[Users] ([Id], [EmployeeId], [Email], [FullName], [FirstName], [LastName], [isMale], [Photo], [BirthDate], [StartDate], [ContractTypeId]) VALUES (N'67f4088e-a1da-4437-e0ab-08d734ea4fbd', N'G00095', N'hai.hoang@groovetechnology.com', N'Hai Hoang', N'Hoang', N'Hai', 0, NULL, CAST(N'0001-01-01T00:00:00.0000000' AS DateTime2), CAST(N'2018-02-21T00:00:00.0000000' AS DateTime2), 1)
INSERT [dbo].[Users] ([Id], [EmployeeId], [Email], [FullName], [FirstName], [LastName], [isMale], [Photo], [BirthDate], [StartDate], [ContractTypeId]) VALUES (N'155ccb5f-83bc-483e-e0ac-08d734ea4fbd', N'G00098', N'vuong.do@groovetechnology.com', N'Vuong Do', N'Do', N'Vuong', 0, NULL, CAST(N'0001-01-01T00:00:00.0000000' AS DateTime2), CAST(N'2018-03-05T00:00:00.0000000' AS DateTime2), 1)
INSERT [dbo].[Users] ([Id], [EmployeeId], [Email], [FullName], [FirstName], [LastName], [isMale], [Photo], [BirthDate], [StartDate], [ContractTypeId]) VALUES (N'ab030b29-625c-471a-e0ad-08d734ea4fbd', N'G00099', N'nam.ngo@groovetechnology.com', N'Nam Ngo', N'Ngo', N'Nam', 0, NULL, CAST(N'0001-01-01T00:00:00.0000000' AS DateTime2), CAST(N'2018-03-05T00:00:00.0000000' AS DateTime2), 1)
INSERT [dbo].[Users] ([Id], [EmployeeId], [Email], [FullName], [FirstName], [LastName], [isMale], [Photo], [BirthDate], [StartDate], [ContractTypeId]) VALUES (N'a5fe56ef-58fa-4dd8-e0ae-08d734ea4fbd', N'G00100', N'ngan.luong@groovetechnology.com', N'Ngan Luong', N'Luong', N'Ngan', 0, NULL, CAST(N'0001-01-01T00:00:00.0000000' AS DateTime2), CAST(N'2018-03-19T00:00:00.0000000' AS DateTime2), 1)
INSERT [dbo].[Users] ([Id], [EmployeeId], [Email], [FullName], [FirstName], [LastName], [isMale], [Photo], [BirthDate], [StartDate], [ContractTypeId]) VALUES (N'5dd9250e-f8e1-43d4-e0af-08d734ea4fbd', N'G00103', N'chuong.le@groovetechnology.com', N'Chuong Le', N'Le', N'Chuong', 0, NULL, CAST(N'0001-01-01T00:00:00.0000000' AS DateTime2), CAST(N'2018-04-09T00:00:00.0000000' AS DateTime2), 1)
INSERT [dbo].[Users] ([Id], [EmployeeId], [Email], [FullName], [FirstName], [LastName], [isMale], [Photo], [BirthDate], [StartDate], [ContractTypeId]) VALUES (N'b96bb11f-7898-4afd-e0b0-08d734ea4fbd', N'G00108', N'minh.vu@groovetechnology.com', N'Minh Vu', N'Vu', N'Minh', 0, NULL, CAST(N'0001-01-01T00:00:00.0000000' AS DateTime2), CAST(N'2018-05-15T00:00:00.0000000' AS DateTime2), 1)
INSERT [dbo].[Users] ([Id], [EmployeeId], [Email], [FullName], [FirstName], [LastName], [isMale], [Photo], [BirthDate], [StartDate], [ContractTypeId]) VALUES (N'e3235fc4-3834-4264-e0b1-08d734ea4fbd', N'G00109', N'cuong.phan@groovetechnology.com', N'Cuong Phan', N'Phan', N'Cuong', 0, NULL, CAST(N'0001-01-01T00:00:00.0000000' AS DateTime2), CAST(N'2018-06-04T00:00:00.0000000' AS DateTime2), 1)
INSERT [dbo].[Users] ([Id], [EmployeeId], [Email], [FullName], [FirstName], [LastName], [isMale], [Photo], [BirthDate], [StartDate], [ContractTypeId]) VALUES (N'2c8dd83d-225e-4994-e0b2-08d734ea4fbd', N'G00110', N'khoi.nguyen@groovetechnology.com', N'Khoi Nguyen', N'Nguyen', N'Khoi', 0, NULL, CAST(N'0001-01-01T00:00:00.0000000' AS DateTime2), CAST(N'2018-06-04T00:00:00.0000000' AS DateTime2), 1)
INSERT [dbo].[Users] ([Id], [EmployeeId], [Email], [FullName], [FirstName], [LastName], [isMale], [Photo], [BirthDate], [StartDate], [ContractTypeId]) VALUES (N'f18372b1-6aa7-404f-e0b3-08d734ea4fbd', N'G00111', N'thai.nguyen@groovetechnology.com', N'Thai Nguyen', N'Nguyen', N'Thai', 0, NULL, CAST(N'0001-01-01T00:00:00.0000000' AS DateTime2), CAST(N'2018-06-04T00:00:00.0000000' AS DateTime2), 1)
INSERT [dbo].[Users] ([Id], [EmployeeId], [Email], [FullName], [FirstName], [LastName], [isMale], [Photo], [BirthDate], [StartDate], [ContractTypeId]) VALUES (N'503cc271-98f7-46ca-e0b4-08d734ea4fbd', N'G00113', N'tin.pham@groovetechnology.com', N'Tin Pham', N'Pham', N'Tin', 0, NULL, CAST(N'0001-01-01T00:00:00.0000000' AS DateTime2), CAST(N'2018-06-25T00:00:00.0000000' AS DateTime2), 1)
INSERT [dbo].[Users] ([Id], [EmployeeId], [Email], [FullName], [FirstName], [LastName], [isMale], [Photo], [BirthDate], [StartDate], [ContractTypeId]) VALUES (N'39c5d693-3430-4e1a-e0b5-08d734ea4fbd', N'G00114', N'van.tang@groovetechnology.com', N'Van Tang', N'Tang', N'Van', 0, NULL, CAST(N'0001-01-01T00:00:00.0000000' AS DateTime2), CAST(N'2018-06-25T00:00:00.0000000' AS DateTime2), 1)
INSERT [dbo].[Users] ([Id], [EmployeeId], [Email], [FullName], [FirstName], [LastName], [isMale], [Photo], [BirthDate], [StartDate], [ContractTypeId]) VALUES (N'5ddfdb38-22f4-4da5-e0b6-08d734ea4fbd', N'G00116', N'truc.luc@groovetechnology.com', N'Truc Luc', N'Luc', N'Truc', 0, NULL, CAST(N'0001-01-01T00:00:00.0000000' AS DateTime2), CAST(N'2018-07-02T00:00:00.0000000' AS DateTime2), 1)
INSERT [dbo].[Users] ([Id], [EmployeeId], [Email], [FullName], [FirstName], [LastName], [isMale], [Photo], [BirthDate], [StartDate], [ContractTypeId]) VALUES (N'84e93265-c8f8-4814-e0b7-08d734ea4fbd', N'G00117', N'phuong.nguyenduy@groovetechnology.com', N'Phuong Nguyen', N'Nguyen', N'Phuong', 0, NULL, CAST(N'0001-01-01T00:00:00.0000000' AS DateTime2), CAST(N'2018-07-02T00:00:00.0000000' AS DateTime2), 1)
INSERT [dbo].[Users] ([Id], [EmployeeId], [Email], [FullName], [FirstName], [LastName], [isMale], [Photo], [BirthDate], [StartDate], [ContractTypeId]) VALUES (N'4276a605-cfb1-4b51-e0b8-08d734ea4fbd', N'G00121', N'hoa.nguyen@groovetechnology.com', N'Hoa Nguyen', N'Nguyen', N'Hoa', 0, NULL, CAST(N'0001-01-01T00:00:00.0000000' AS DateTime2), CAST(N'2018-07-16T00:00:00.0000000' AS DateTime2), 1)
INSERT [dbo].[Users] ([Id], [EmployeeId], [Email], [FullName], [FirstName], [LastName], [isMale], [Photo], [BirthDate], [StartDate], [ContractTypeId]) VALUES (N'c3183366-7dc7-4fce-e0b9-08d734ea4fbd', N'G00122', N'cuc.nguyen@groovetechnology.com', N'Cuc Nguyen', N'Nguyen', N'Cuc', 0, NULL, CAST(N'0001-01-01T00:00:00.0000000' AS DateTime2), CAST(N'2018-07-16T00:00:00.0000000' AS DateTime2), 1)
INSERT [dbo].[Users] ([Id], [EmployeeId], [Email], [FullName], [FirstName], [LastName], [isMale], [Photo], [BirthDate], [StartDate], [ContractTypeId]) VALUES (N'f9877f1a-2f03-434d-e0ba-08d734ea4fbd', N'G00123', N'quynh.ho@groovetechnology.com', N'Quynh Ho', N'Ho', N'Quynh', 0, NULL, CAST(N'0001-01-01T00:00:00.0000000' AS DateTime2), CAST(N'2018-08-01T00:00:00.0000000' AS DateTime2), 1)
INSERT [dbo].[Users] ([Id], [EmployeeId], [Email], [FullName], [FirstName], [LastName], [isMale], [Photo], [BirthDate], [StartDate], [ContractTypeId]) VALUES (N'97f6995b-40dc-46d1-e0bb-08d734ea4fbd', N'G00124', N'cuong.duong@groovetechnology.com', N'Cuong Duong', N'Duong', N'Cuong', 0, NULL, CAST(N'0001-01-01T00:00:00.0000000' AS DateTime2), CAST(N'2018-08-06T00:00:00.0000000' AS DateTime2), 1)
INSERT [dbo].[Users] ([Id], [EmployeeId], [Email], [FullName], [FirstName], [LastName], [isMale], [Photo], [BirthDate], [StartDate], [ContractTypeId]) VALUES (N'93af2cd5-52b0-4d40-e0bc-08d734ea4fbd', N'G00126', N'thien.nguyen@groovetechnology.com', N'Thien Nguyen', N'Nguyen', N'Thien', 0, NULL, CAST(N'0001-01-01T00:00:00.0000000' AS DateTime2), CAST(N'2018-08-13T00:00:00.0000000' AS DateTime2), 1)
INSERT [dbo].[Users] ([Id], [EmployeeId], [Email], [FullName], [FirstName], [LastName], [isMale], [Photo], [BirthDate], [StartDate], [ContractTypeId]) VALUES (N'fa3f39aa-775e-45c2-e0bd-08d734ea4fbd', N'G00127', N'tuan.thai@groovetechnology.com', N'Tuan Thai', N'Thai', N'Tuan', 0, NULL, CAST(N'0001-01-01T00:00:00.0000000' AS DateTime2), CAST(N'2018-08-13T00:00:00.0000000' AS DateTime2), 1)
INSERT [dbo].[Users] ([Id], [EmployeeId], [Email], [FullName], [FirstName], [LastName], [isMale], [Photo], [BirthDate], [StartDate], [ContractTypeId]) VALUES (N'c4f25a95-6692-4390-e0be-08d734ea4fbd', N'G00129', N'thanh.vong@groovetechnology.com', N'Thanh Vong', N'Vong', N'Thanh', 0, NULL, CAST(N'0001-01-01T00:00:00.0000000' AS DateTime2), CAST(N'2018-09-17T00:00:00.0000000' AS DateTime2), 1)
INSERT [dbo].[Users] ([Id], [EmployeeId], [Email], [FullName], [FirstName], [LastName], [isMale], [Photo], [BirthDate], [StartDate], [ContractTypeId]) VALUES (N'cc3f06fa-3b1d-4700-e0bf-08d734ea4fbd', N'G00130', N'trung.nguyen@groovetechnology.com', N'Trung Nguyen', N'Nguyen', N'Trung', 0, NULL, CAST(N'0001-01-01T00:00:00.0000000' AS DateTime2), CAST(N'2018-10-08T00:00:00.0000000' AS DateTime2), 1)
INSERT [dbo].[Users] ([Id], [EmployeeId], [Email], [FullName], [FirstName], [LastName], [isMale], [Photo], [BirthDate], [StartDate], [ContractTypeId]) VALUES (N'66651701-7290-4705-e0c0-08d734ea4fbd', N'G00132', N'thuy.nguyenlm@groovetechnology.com', N'Thuy Nguyen', N'Nguyen', N'Thuy', 0, NULL, CAST(N'0001-01-01T00:00:00.0000000' AS DateTime2), CAST(N'2018-10-01T00:00:00.0000000' AS DateTime2), 1)
INSERT [dbo].[Users] ([Id], [EmployeeId], [Email], [FullName], [FirstName], [LastName], [isMale], [Photo], [BirthDate], [StartDate], [ContractTypeId]) VALUES (N'1ae5b9b7-fef1-41ce-e0c1-08d734ea4fbd', N'G00133', N'duc.doan@groovetechnology.com', N'Duc Doan', N'Doan', N'Duc', 0, NULL, CAST(N'0001-01-01T00:00:00.0000000' AS DateTime2), CAST(N'2018-10-23T00:00:00.0000000' AS DateTime2), 1)
INSERT [dbo].[Users] ([Id], [EmployeeId], [Email], [FullName], [FirstName], [LastName], [isMale], [Photo], [BirthDate], [StartDate], [ContractTypeId]) VALUES (N'08739f49-3756-4bbb-e0c2-08d734ea4fbd', N'G00134', N'vu.nguyenhuy@groovetechnology.com', N'Vu Nguyen Huy', N'Nguyen Huy', N'Vu', 0, NULL, CAST(N'0001-01-01T00:00:00.0000000' AS DateTime2), CAST(N'2018-10-23T00:00:00.0000000' AS DateTime2), 1)
INSERT [dbo].[Users] ([Id], [EmployeeId], [Email], [FullName], [FirstName], [LastName], [isMale], [Photo], [BirthDate], [StartDate], [ContractTypeId]) VALUES (N'9fc36519-20c8-46f5-e0c3-08d734ea4fbd', N'G00135', N'dinh.nguyen@groovetechnology.com', N'Dinh Nguyen', N'Nguyen', N'Dinh', 0, NULL, CAST(N'0001-01-01T00:00:00.0000000' AS DateTime2), CAST(N'2018-10-23T00:00:00.0000000' AS DateTime2), 1)
INSERT [dbo].[Users] ([Id], [EmployeeId], [Email], [FullName], [FirstName], [LastName], [isMale], [Photo], [BirthDate], [StartDate], [ContractTypeId]) VALUES (N'702eae85-ed8b-4eed-e0c4-08d734ea4fbd', N'G00136', N'tan.trinh@groovetechnology.com', N'Tan Trinh', N'Trinh', N'Tan', 0, NULL, CAST(N'0001-01-01T00:00:00.0000000' AS DateTime2), CAST(N'2018-10-23T00:00:00.0000000' AS DateTime2), 1)
INSERT [dbo].[Users] ([Id], [EmployeeId], [Email], [FullName], [FirstName], [LastName], [isMale], [Photo], [BirthDate], [StartDate], [ContractTypeId]) VALUES (N'289c0a85-c7a2-486a-e0c5-08d734ea4fbd', N'G00140', N'cuong.tran@groovetechnology.com', N'Cuong Tran', N'Tran', N'Cuong', 0, NULL, CAST(N'0001-01-01T00:00:00.0000000' AS DateTime2), CAST(N'2018-11-12T00:00:00.0000000' AS DateTime2), 1)
INSERT [dbo].[Users] ([Id], [EmployeeId], [Email], [FullName], [FirstName], [LastName], [isMale], [Photo], [BirthDate], [StartDate], [ContractTypeId]) VALUES (N'30779884-63e2-420d-e0c6-08d734ea4fbd', N'G00142', N'an.nguyen@groovetechnology.com', N'An Nguyen', N'Nguyen', N'An', 0, NULL, CAST(N'0001-01-01T00:00:00.0000000' AS DateTime2), CAST(N'2018-11-20T00:00:00.0000000' AS DateTime2), 1)
INSERT [dbo].[Users] ([Id], [EmployeeId], [Email], [FullName], [FirstName], [LastName], [isMale], [Photo], [BirthDate], [StartDate], [ContractTypeId]) VALUES (N'0bcfb266-dbb6-40a5-e0c7-08d734ea4fbd', N'G00143', N'thang.nguyen@groovetechnology.com', N'Thang Nguyen', N'Nguyen', N'Thang', 0, NULL, CAST(N'0001-01-01T00:00:00.0000000' AS DateTime2), CAST(N'2018-11-27T00:00:00.0000000' AS DateTime2), 1)
INSERT [dbo].[Users] ([Id], [EmployeeId], [Email], [FullName], [FirstName], [LastName], [isMale], [Photo], [BirthDate], [StartDate], [ContractTypeId]) VALUES (N'385d4ad8-de8c-4496-e0c8-08d734ea4fbd', N'G00144', N'tam.hua@groovetechnology.com', N'Tam Hua', N'Hua', N'Tam', 0, NULL, CAST(N'0001-01-01T00:00:00.0000000' AS DateTime2), CAST(N'2018-12-24T00:00:00.0000000' AS DateTime2), 1)
INSERT [dbo].[Users] ([Id], [EmployeeId], [Email], [FullName], [FirstName], [LastName], [isMale], [Photo], [BirthDate], [StartDate], [ContractTypeId]) VALUES (N'5c783e01-9dde-457a-e0c9-08d734ea4fbd', N'G00146', N'an.ho@groovetechnology.com', N'An Ho', N'Ho', N'An', 0, NULL, CAST(N'0001-01-01T00:00:00.0000000' AS DateTime2), CAST(N'2019-01-02T00:00:00.0000000' AS DateTime2), 1)
INSERT [dbo].[Users] ([Id], [EmployeeId], [Email], [FullName], [FirstName], [LastName], [isMale], [Photo], [BirthDate], [StartDate], [ContractTypeId]) VALUES (N'9f4df640-20dc-4bc3-e0ca-08d734ea4fbd', N'G00147', N'khang.ton@groovetechnology.com', N'Khang Ton', N'Ton', N'Khang', 0, NULL, CAST(N'0001-01-01T00:00:00.0000000' AS DateTime2), CAST(N'2019-01-28T00:00:00.0000000' AS DateTime2), 1)
INSERT [dbo].[Users] ([Id], [EmployeeId], [Email], [FullName], [FirstName], [LastName], [isMale], [Photo], [BirthDate], [StartDate], [ContractTypeId]) VALUES (N'b2185589-0690-4e45-e0cb-08d734ea4fbd', N'G00157', N'hoang.ha@groovetechnology.com', N'Hoang Ha', N'Ha', N'Hoang', 0, NULL, CAST(N'0001-01-01T00:00:00.0000000' AS DateTime2), CAST(N'2019-02-18T00:00:00.0000000' AS DateTime2), 1)
INSERT [dbo].[Users] ([Id], [EmployeeId], [Email], [FullName], [FirstName], [LastName], [isMale], [Photo], [BirthDate], [StartDate], [ContractTypeId]) VALUES (N'cf7370c9-dbf6-4cb6-e0cc-08d734ea4fbd', N'G00148', N'huy.nguyen@groovetechnology.com', N'Huy Nguyen', N'Nguyen', N'Huy', 0, NULL, CAST(N'0001-01-01T00:00:00.0000000' AS DateTime2), CAST(N'2019-02-20T00:00:00.0000000' AS DateTime2), 1)
INSERT [dbo].[Users] ([Id], [EmployeeId], [Email], [FullName], [FirstName], [LastName], [isMale], [Photo], [BirthDate], [StartDate], [ContractTypeId]) VALUES (N'ebf48ae7-fc07-46e7-e0cd-08d734ea4fbd', N'G00149', N'bach.nguyen@groovetechnology.com', N'Bach Nguyen', N'Nguyen', N'Bach', 0, NULL, CAST(N'0001-01-01T00:00:00.0000000' AS DateTime2), CAST(N'2019-02-20T00:00:00.0000000' AS DateTime2), 1)
INSERT [dbo].[Users] ([Id], [EmployeeId], [Email], [FullName], [FirstName], [LastName], [isMale], [Photo], [BirthDate], [StartDate], [ContractTypeId]) VALUES (N'48618500-2426-4499-e0ce-08d734ea4fbd', N'G00150', N'thang.tran@groovetechnology.com', N'Thang Tran', N'Tran', N'Thang', 0, NULL, CAST(N'0001-01-01T00:00:00.0000000' AS DateTime2), CAST(N'2019-02-25T00:00:00.0000000' AS DateTime2), 1)
INSERT [dbo].[Users] ([Id], [EmployeeId], [Email], [FullName], [FirstName], [LastName], [isMale], [Photo], [BirthDate], [StartDate], [ContractTypeId]) VALUES (N'a0119812-a9ae-46fd-e0cf-08d734ea4fbd', N'G00151', N'phong.nguyen@groovetechnology.com', N'Phong Nguyen', N'Nguyen', N'Phong', 0, NULL, CAST(N'0001-01-01T00:00:00.0000000' AS DateTime2), CAST(N'2019-03-04T00:00:00.0000000' AS DateTime2), 1)
INSERT [dbo].[Users] ([Id], [EmployeeId], [Email], [FullName], [FirstName], [LastName], [isMale], [Photo], [BirthDate], [StartDate], [ContractTypeId]) VALUES (N'6efff8b7-9be6-4394-e0d0-08d734ea4fbd', N'G00152', N'tuan.truong@groovetechnology.com', N'Tuan Truong', N'Truong', N'Tuan', 0, NULL, CAST(N'0001-01-01T00:00:00.0000000' AS DateTime2), CAST(N'2019-04-01T00:00:00.0000000' AS DateTime2), 1)
INSERT [dbo].[Users] ([Id], [EmployeeId], [Email], [FullName], [FirstName], [LastName], [isMale], [Photo], [BirthDate], [StartDate], [ContractTypeId]) VALUES (N'2bf5b32f-35ce-4549-e0d1-08d734ea4fbd', N'G00153', N'phuoc.le@groovetechnology.com', N'Phuoc Le', N'Le', N'Phuoc', 0, NULL, CAST(N'0001-01-01T00:00:00.0000000' AS DateTime2), CAST(N'2019-04-03T00:00:00.0000000' AS DateTime2), 1)
INSERT [dbo].[Users] ([Id], [EmployeeId], [Email], [FullName], [FirstName], [LastName], [isMale], [Photo], [BirthDate], [StartDate], [ContractTypeId]) VALUES (N'ec7a2f02-d3c9-4b4e-e0d2-08d734ea4fbd', N'G00159', N'hoa.pham@groovetechnology.com', N'Hoa Pham', N'Pham', N'Hoa', 0, NULL, CAST(N'0001-01-01T00:00:00.0000000' AS DateTime2), CAST(N'2019-05-20T00:00:00.0000000' AS DateTime2), 1)
GO
INSERT [dbo].[Users] ([Id], [EmployeeId], [Email], [FullName], [FirstName], [LastName], [isMale], [Photo], [BirthDate], [StartDate], [ContractTypeId]) VALUES (N'2eb36971-47e4-4ec5-bcee-21283b2388c7', N'G00160', N'truc.phan@groovetechnology.com', N'Truc Phan', N'Phan', N'Truc', 0, NULL, CAST(N'0001-01-01T00:00:00.0000000' AS DateTime2), CAST(N'2019-06-17T00:00:00.0000000' AS DateTime2), 1)
INSERT [dbo].[Users] ([Id], [EmployeeId], [Email], [FullName], [FirstName], [LastName], [isMale], [Photo], [BirthDate], [StartDate], [ContractTypeId]) VALUES (N'f82a76e0-6ee0-4d0d-9a4d-eabdc392e3cb', N'G00159', N'hien.nguyen@groovetechnology.com', N'Hien Nguyen Doan', N'Nguyen', N'Doan Hien', 0, NULL, CAST(N'0001-01-01T00:00:00.0000000' AS DateTime2), CAST(N'2019-05-20T00:00:00.0000000' AS DateTime2), 1)
SET IDENTITY_INSERT [dbo].[CriteriaGroups] ON 

INSERT [dbo].[CriteriaGroups] ([Id], [CreatedDate], [CreatedBy], [UpdatedDate], [UpdatedBy], [IsDeleted], [Name]) VALUES (1, CAST(N'0001-01-01T00:00:00.0000000' AS DateTime2), NULL, NULL, NULL, 0, N'Management Criteria')
INSERT [dbo].[CriteriaGroups] ([Id], [CreatedDate], [CreatedBy], [UpdatedDate], [UpdatedBy], [IsDeleted], [Name]) VALUES (2, CAST(N'0001-01-01T00:00:00.0000000' AS DateTime2), NULL, NULL, NULL, 0, N'Performance Criteria')
SET IDENTITY_INSERT [dbo].[CriteriaGroups] OFF
SET IDENTITY_INSERT [dbo].[Criterias] ON 

INSERT [dbo].[Criterias] ([Id], [CreatedDate], [CreatedBy], [UpdatedDate], [UpdatedBy], [IsDeleted], [Name], [Description], [Scale], [CriteriaGroupId]) VALUES (1, CAST(N'0001-01-01T00:00:00.0000000' AS DateTime2), NULL, NULL, NULL, 0, N'Staff Development', N'- Ability to recognize subordinates'' strengths and weaknesses
- Capability and willingness to help staffs overcome their weaknesses
- Ability to instruct and guide subordinates to further develop their strong points.', 5, 1)
INSERT [dbo].[Criterias] ([Id], [CreatedDate], [CreatedBy], [UpdatedDate], [UpdatedBy], [IsDeleted], [Name], [Description], [Scale], [CriteriaGroupId]) VALUES (2, CAST(N'0001-01-01T00:00:00.0000000' AS DateTime2), NULL, NULL, NULL, 0, N'Leadership/Management skills', N'- Exhibit self-confidence
- Inspire trust and respect from others
- Ability to motivate people to perform well
- React under critical situations
- Ability to make decisions
- Ability to control and coordinate
- Ability to resolve conflicts
- Ability to delegate (assign) appropriate tasks to members', 5, 1)
INSERT [dbo].[Criterias] ([Id], [CreatedDate], [CreatedBy], [UpdatedDate], [UpdatedBy], [IsDeleted], [Name], [Description], [Scale], [CriteriaGroupId]) VALUES (3, CAST(N'0001-01-01T00:00:00.0000000' AS DateTime2), NULL, NULL, NULL, 0, N'Responsibility/Accountability', N'- Ability to receive workload and respond to problems
- Ability to complete tasks on time meet the deadlines with good output
- Ability to support others complete their tasks on time meet the deadlines with good output
- Go to work on time, Go to meeting and other activities on time
- Participate in company activities', 5, 2)
INSERT [dbo].[Criterias] ([Id], [CreatedDate], [CreatedBy], [UpdatedDate], [UpdatedBy], [IsDeleted], [Name], [Description], [Scale], [CriteriaGroupId]) VALUES (4, CAST(N'0001-01-01T00:00:00.0000000' AS DateTime2), NULL, NULL, NULL, 0, N'Decision making and problem solving', N'- Ability to adapt to unexpected changes
- Capable of foreseeing potential problems / issues
- Ability to give solutions to dev in task development and responsible for accuracy.
- Ability to make decision on most of tasks / defects in reviewing.
- Ask / Confirm with ATL for complicated technical issues to make final decision', 5, 2)
INSERT [dbo].[Criterias] ([Id], [CreatedDate], [CreatedBy], [UpdatedDate], [UpdatedBy], [IsDeleted], [Name], [Description], [Scale], [CriteriaGroupId]) VALUES (5, CAST(N'0001-01-01T00:00:00.0000000' AS DateTime2), NULL, NULL, NULL, 0, N'Decision making', N'- Ability to identify the problem
- Ask/Confirm with ATL for complicated technical issues to make final decision
- Ability to analysis and select the best solution on most of tasks/defects in reviewing.', 5, 2)
INSERT [dbo].[Criterias] ([Id], [CreatedDate], [CreatedBy], [UpdatedDate], [UpdatedBy], [IsDeleted], [Name], [Description], [Scale], [CriteriaGroupId]) VALUES (6, CAST(N'0001-01-01T00:00:00.0000000' AS DateTime2), NULL, NULL, NULL, 0, N'Problem solving', N'- Ability to adapt to unexpected changes/Ability to handle unexpected changes as well as complex situations
- Capable of foreseeing potential problems / issues
- Ability to give solutions to dev in task development and responsible for accuracy.', 5, 2)
INSERT [dbo].[Criterias] ([Id], [CreatedDate], [CreatedBy], [UpdatedDate], [UpdatedBy], [IsDeleted], [Name], [Description], [Scale], [CriteriaGroupId]) VALUES (7, CAST(N'0001-01-01T00:00:00.0000000' AS DateTime2), NULL, NULL, NULL, 0, N'Teamworks', N'- Ability to cooperate with other team members
- Ability to reach an outcome of mutually acceptable compromise
- Frequency of causing conflict in the team
- Ability to actively participate in team meetings, brain storming and review sessionseview sessions', 5, 2)
INSERT [dbo].[Criterias] ([Id], [CreatedDate], [CreatedBy], [UpdatedDate], [UpdatedBy], [IsDeleted], [Name], [Description], [Scale], [CriteriaGroupId]) VALUES (8, CAST(N'0001-01-01T00:00:00.0000000' AS DateTime2), NULL, NULL, NULL, 0, N'Time management and planning skills', N'- Ability to prioritize assigned tasks
- Ability to handle multi-tasking
- Willingness to work late or over weekend in order to complete the urgent tasks
- Ability to take over the task rather than development: testing, maintenance, bug fixing
- Ability to actively report status or raise issue on the assignment', 5, 2)
INSERT [dbo].[Criterias] ([Id], [CreatedDate], [CreatedBy], [UpdatedDate], [UpdatedBy], [IsDeleted], [Name], [Description], [Scale], [CriteriaGroupId]) VALUES (9, CAST(N'0001-01-01T00:00:00.0000000' AS DateTime2), NULL, NULL, NULL, 0, N'English level', N'Refer to skill matrix for each level', 5, 2)
INSERT [dbo].[Criterias] ([Id], [CreatedDate], [CreatedBy], [UpdatedDate], [UpdatedBy], [IsDeleted], [Name], [Description], [Scale], [CriteriaGroupId]) VALUES (10, CAST(N'0001-01-01T00:00:00.0000000' AS DateTime2), NULL, NULL, NULL, 0, N'Communication skills', N'- Ability to expresses thoughts effectively in individual and group situations
- Ability to effectively transfer knowledge and know-how to others
- Documentation skill
- Ability to express ideas in writing / email', 5, 2)
INSERT [dbo].[Criterias] ([Id], [CreatedDate], [CreatedBy], [UpdatedDate], [UpdatedBy], [IsDeleted], [Name], [Description], [Scale], [CriteriaGroupId]) VALUES (11, CAST(N'0001-01-01T00:00:00.0000000' AS DateTime2), NULL, NULL, NULL, 0, N'Technical skills', N'- Level of domain knowledge of specific team/as per specific customer
- Ability to quickly learn, adjust and adapt to change technical request in project
- Technology Watch: ability to  stay current with new technologies, methods, and processes in software development industry?', 5, 2)
INSERT [dbo].[Criterias] ([Id], [CreatedDate], [CreatedBy], [UpdatedDate], [UpdatedBy], [IsDeleted], [Name], [Description], [Scale], [CriteriaGroupId]) VALUES (12, CAST(N'0001-01-01T00:00:00.0000000' AS DateTime2), NULL, NULL, NULL, 0, N'Job knowledge', N'- Ability to know how to use correct method and procedure to fulfill assigned task
- Ability to understand client''s request and requirement
- Ability to understand client''s bug report
- Abitity to actively propose feedback or solution on customer''s requirement / request', 5, 2)
INSERT [dbo].[Criterias] ([Id], [CreatedDate], [CreatedBy], [UpdatedDate], [UpdatedBy], [IsDeleted], [Name], [Description], [Scale], [CriteriaGroupId]) VALUES (13, CAST(N'0001-01-01T00:00:00.0000000' AS DateTime2), NULL, NULL, NULL, 0, N'Quality Of Work', N'- Productivity (Volume of work load vs. Time needed to finish task)
- Ablity to handle all tasks of a project with good quality and meet the deadlines
- Ability to get the job done in expected quality with no or little supervisory
- Smoothly follow the processes', 5, 2)
SET IDENTITY_INSERT [dbo].[Criterias] OFF
SET IDENTITY_INSERT [dbo].[Levels] ON 

INSERT [dbo].[Levels] ([Id], [Title], [Abbre]) VALUES (1, N'Chief Executive Officer', N'CEO')
INSERT [dbo].[Levels] ([Id], [Title], [Abbre]) VALUES (2, N'Senior Software Engineer', N'SSE')
INSERT [dbo].[Levels] ([Id], [Title], [Abbre]) VALUES (3, N'Technical Leader', N'TL')
INSERT [dbo].[Levels] ([Id], [Title], [Abbre]) VALUES (4, N'Technical Manager', N'TM')
INSERT [dbo].[Levels] ([Id], [Title], [Abbre]) VALUES (5, N'Software Manager', N'SM')
INSERT [dbo].[Levels] ([Id], [Title], [Abbre]) VALUES (6, N'Solution Architecture', N'SA')
INSERT [dbo].[Levels] ([Id], [Title], [Abbre]) VALUES (7, N'Associate Test Engineer', N'ATS')
INSERT [dbo].[Levels] ([Id], [Title], [Abbre]) VALUES (8, N'Test Engineer', N'TS')
INSERT [dbo].[Levels] ([Id], [Title], [Abbre]) VALUES (9, N'Senior Testing Engineer', N'STS')
INSERT [dbo].[Levels] ([Id], [Title], [Abbre]) VALUES (10, N'QA Lead', N'QAL')
INSERT [dbo].[Levels] ([Id], [Title], [Abbre]) VALUES (11, N'Test Lead', N'TSL')
INSERT [dbo].[Levels] ([Id], [Title], [Abbre]) VALUES (12, N'Associate Project Assistant', N'APA')
INSERT [dbo].[Levels] ([Id], [Title], [Abbre]) VALUES (13, N'Associate Project Manager', N'APM')
INSERT [dbo].[Levels] ([Id], [Title], [Abbre]) VALUES (14, N'Project Manager', N'PM')
INSERT [dbo].[Levels] ([Id], [Title], [Abbre]) VALUES (15, N'Senior Project Manager', N'SPM')
INSERT [dbo].[Levels] ([Id], [Title], [Abbre]) VALUES (16, N'Delivery Manager', N'DM')
INSERT [dbo].[Levels] ([Id], [Title], [Abbre]) VALUES (17, N'UX-UI designer', N'UXD')
INSERT [dbo].[Levels] ([Id], [Title], [Abbre]) VALUES (18, N'Business Analyst ', N'BA')
INSERT [dbo].[Levels] ([Id], [Title], [Abbre]) VALUES (19, N'Office Manager', N'OM')
INSERT [dbo].[Levels] ([Id], [Title], [Abbre]) VALUES (20, N'Accountant ', N'ACC')
INSERT [dbo].[Levels] ([Id], [Title], [Abbre]) VALUES (21, N'Accounting Manager', N'ACM')
INSERT [dbo].[Levels] ([Id], [Title], [Abbre]) VALUES (22, N'IT Manager', N'ITM')
INSERT [dbo].[Levels] ([Id], [Title], [Abbre]) VALUES (23, N'Associate HR Executive', N'AHE')
INSERT [dbo].[Levels] ([Id], [Title], [Abbre]) VALUES (24, N'HR Executive', N'HE')
INSERT [dbo].[Levels] ([Id], [Title], [Abbre]) VALUES (25, N'Senior HR Executive', N'SHE')
INSERT [dbo].[Levels] ([Id], [Title], [Abbre]) VALUES (26, N'HR Manager', N'HMR')
INSERT [dbo].[Levels] ([Id], [Title], [Abbre]) VALUES (27, N'Software Engineer', N'SE')
INSERT [dbo].[Levels] ([Id], [Title], [Abbre]) VALUES (28, N'Associate Software Engineer', N'ASE')
SET IDENTITY_INSERT [dbo].[Levels] OFF
SET IDENTITY_INSERT [dbo].[LevelCriteriaGroups] ON 

INSERT [dbo].[LevelCriteriaGroups] ([Id], [Weight], [LevelId], [CriteriaGroupId]) VALUES (1, CAST(0.30 AS Decimal(18, 2)), 26, 1)
INSERT [dbo].[LevelCriteriaGroups] ([Id], [Weight], [LevelId], [CriteriaGroupId]) VALUES (2, CAST(0.30 AS Decimal(18, 2)), 11, 1)
INSERT [dbo].[LevelCriteriaGroups] ([Id], [Weight], [LevelId], [CriteriaGroupId]) VALUES (3, CAST(0.70 AS Decimal(18, 2)), 11, 2)
INSERT [dbo].[LevelCriteriaGroups] ([Id], [Weight], [LevelId], [CriteriaGroupId]) VALUES (4, CAST(0.30 AS Decimal(18, 2)), 10, 1)
INSERT [dbo].[LevelCriteriaGroups] ([Id], [Weight], [LevelId], [CriteriaGroupId]) VALUES (5, CAST(0.70 AS Decimal(18, 2)), 10, 2)
INSERT [dbo].[LevelCriteriaGroups] ([Id], [Weight], [LevelId], [CriteriaGroupId]) VALUES (6, CAST(1.00 AS Decimal(18, 2)), 9, 2)
INSERT [dbo].[LevelCriteriaGroups] ([Id], [Weight], [LevelId], [CriteriaGroupId]) VALUES (7, CAST(1.00 AS Decimal(18, 2)), 8, 2)
INSERT [dbo].[LevelCriteriaGroups] ([Id], [Weight], [LevelId], [CriteriaGroupId]) VALUES (8, CAST(1.00 AS Decimal(18, 2)), 7, 2)
INSERT [dbo].[LevelCriteriaGroups] ([Id], [Weight], [LevelId], [CriteriaGroupId]) VALUES (9, CAST(1.00 AS Decimal(18, 2)), 12, 2)
INSERT [dbo].[LevelCriteriaGroups] ([Id], [Weight], [LevelId], [CriteriaGroupId]) VALUES (10, CAST(0.30 AS Decimal(18, 2)), 6, 1)
INSERT [dbo].[LevelCriteriaGroups] ([Id], [Weight], [LevelId], [CriteriaGroupId]) VALUES (11, CAST(0.30 AS Decimal(18, 2)), 5, 1)
INSERT [dbo].[LevelCriteriaGroups] ([Id], [Weight], [LevelId], [CriteriaGroupId]) VALUES (12, CAST(0.70 AS Decimal(18, 2)), 5, 2)
INSERT [dbo].[LevelCriteriaGroups] ([Id], [Weight], [LevelId], [CriteriaGroupId]) VALUES (13, CAST(0.30 AS Decimal(18, 2)), 4, 1)
INSERT [dbo].[LevelCriteriaGroups] ([Id], [Weight], [LevelId], [CriteriaGroupId]) VALUES (14, CAST(0.70 AS Decimal(18, 2)), 4, 2)
INSERT [dbo].[LevelCriteriaGroups] ([Id], [Weight], [LevelId], [CriteriaGroupId]) VALUES (15, CAST(0.35 AS Decimal(18, 2)), 3, 1)
INSERT [dbo].[LevelCriteriaGroups] ([Id], [Weight], [LevelId], [CriteriaGroupId]) VALUES (16, CAST(0.65 AS Decimal(18, 2)), 3, 2)
INSERT [dbo].[LevelCriteriaGroups] ([Id], [Weight], [LevelId], [CriteriaGroupId]) VALUES (17, CAST(1.00 AS Decimal(18, 2)), 2, 2)
INSERT [dbo].[LevelCriteriaGroups] ([Id], [Weight], [LevelId], [CriteriaGroupId]) VALUES (18, CAST(0.70 AS Decimal(18, 2)), 6, 2)
INSERT [dbo].[LevelCriteriaGroups] ([Id], [Weight], [LevelId], [CriteriaGroupId]) VALUES (19, CAST(1.00 AS Decimal(18, 2)), 27, 2)
INSERT [dbo].[LevelCriteriaGroups] ([Id], [Weight], [LevelId], [CriteriaGroupId]) VALUES (20, CAST(0.70 AS Decimal(18, 2)), 13, 2)
INSERT [dbo].[LevelCriteriaGroups] ([Id], [Weight], [LevelId], [CriteriaGroupId]) VALUES (21, CAST(0.70 AS Decimal(18, 2)), 14, 2)
INSERT [dbo].[LevelCriteriaGroups] ([Id], [Weight], [LevelId], [CriteriaGroupId]) VALUES (22, CAST(0.70 AS Decimal(18, 2)), 26, 2)
INSERT [dbo].[LevelCriteriaGroups] ([Id], [Weight], [LevelId], [CriteriaGroupId]) VALUES (23, CAST(1.00 AS Decimal(18, 2)), 25, 2)
INSERT [dbo].[LevelCriteriaGroups] ([Id], [Weight], [LevelId], [CriteriaGroupId]) VALUES (24, CAST(1.00 AS Decimal(18, 2)), 24, 2)
INSERT [dbo].[LevelCriteriaGroups] ([Id], [Weight], [LevelId], [CriteriaGroupId]) VALUES (25, CAST(1.00 AS Decimal(18, 2)), 23, 2)
INSERT [dbo].[LevelCriteriaGroups] ([Id], [Weight], [LevelId], [CriteriaGroupId]) VALUES (26, CAST(1.00 AS Decimal(18, 2)), 22, 2)
INSERT [dbo].[LevelCriteriaGroups] ([Id], [Weight], [LevelId], [CriteriaGroupId]) VALUES (27, CAST(0.30 AS Decimal(18, 2)), 21, 1)
INSERT [dbo].[LevelCriteriaGroups] ([Id], [Weight], [LevelId], [CriteriaGroupId]) VALUES (28, CAST(0.70 AS Decimal(18, 2)), 21, 2)
INSERT [dbo].[LevelCriteriaGroups] ([Id], [Weight], [LevelId], [CriteriaGroupId]) VALUES (29, CAST(0.30 AS Decimal(18, 2)), 13, 1)
INSERT [dbo].[LevelCriteriaGroups] ([Id], [Weight], [LevelId], [CriteriaGroupId]) VALUES (30, CAST(1.00 AS Decimal(18, 2)), 20, 2)
INSERT [dbo].[LevelCriteriaGroups] ([Id], [Weight], [LevelId], [CriteriaGroupId]) VALUES (31, CAST(1.00 AS Decimal(18, 2)), 18, 2)
INSERT [dbo].[LevelCriteriaGroups] ([Id], [Weight], [LevelId], [CriteriaGroupId]) VALUES (32, CAST(1.00 AS Decimal(18, 2)), 17, 2)
INSERT [dbo].[LevelCriteriaGroups] ([Id], [Weight], [LevelId], [CriteriaGroupId]) VALUES (33, CAST(0.30 AS Decimal(18, 2)), 16, 1)
INSERT [dbo].[LevelCriteriaGroups] ([Id], [Weight], [LevelId], [CriteriaGroupId]) VALUES (34, CAST(0.70 AS Decimal(18, 2)), 16, 2)
INSERT [dbo].[LevelCriteriaGroups] ([Id], [Weight], [LevelId], [CriteriaGroupId]) VALUES (35, CAST(0.30 AS Decimal(18, 2)), 15, 1)
INSERT [dbo].[LevelCriteriaGroups] ([Id], [Weight], [LevelId], [CriteriaGroupId]) VALUES (36, CAST(0.70 AS Decimal(18, 2)), 15, 2)
INSERT [dbo].[LevelCriteriaGroups] ([Id], [Weight], [LevelId], [CriteriaGroupId]) VALUES (37, CAST(0.30 AS Decimal(18, 2)), 14, 1)
INSERT [dbo].[LevelCriteriaGroups] ([Id], [Weight], [LevelId], [CriteriaGroupId]) VALUES (38, CAST(1.00 AS Decimal(18, 2)), 19, 2)
INSERT [dbo].[LevelCriteriaGroups] ([Id], [Weight], [LevelId], [CriteriaGroupId]) VALUES (39, CAST(1.00 AS Decimal(18, 2)), 28, 2)
SET IDENTITY_INSERT [dbo].[LevelCriteriaGroups] OFF
INSERT [dbo].[UserLevels] ([UserId], [LevelId], [PromotionDate]) VALUES (N'a844cdfb-b705-47c7-5ca5-08d7335e4155', 1, CAST(N'0001-01-01T00:00:00.0000000' AS DateTime2))
INSERT [dbo].[UserLevels] ([UserId], [LevelId], [PromotionDate]) VALUES (N'4fa47d5e-d42c-4a6b-5ca6-08d7335e4155', 3, CAST(N'0001-01-01T00:00:00.0000000' AS DateTime2))
INSERT [dbo].[UserLevels] ([UserId], [LevelId], [PromotionDate]) VALUES (N'41a6c5ba-998a-40fd-5ca7-08d7335e4155', 4, CAST(N'0001-01-01T00:00:00.0000000' AS DateTime2))
INSERT [dbo].[UserLevels] ([UserId], [LevelId], [PromotionDate]) VALUES (N'feb94bbe-07cc-4f7d-5ca8-08d7335e4155', 27, CAST(N'0001-01-01T00:00:00.0000000' AS DateTime2))
INSERT [dbo].[UserLevels] ([UserId], [LevelId], [PromotionDate]) VALUES (N'f72ddaa3-aa83-42c1-5ca9-08d7335e4155', 27, CAST(N'0001-01-01T00:00:00.0000000' AS DateTime2))
INSERT [dbo].[UserLevels] ([UserId], [LevelId], [PromotionDate]) VALUES (N'd1904d5b-2c26-4ae6-5caa-08d7335e4155', 9, CAST(N'0001-01-01T00:00:00.0000000' AS DateTime2))
INSERT [dbo].[UserLevels] ([UserId], [LevelId], [PromotionDate]) VALUES (N'1685c045-0761-4ed2-5cab-08d7335e4155', 2, CAST(N'0001-01-01T00:00:00.0000000' AS DateTime2))
INSERT [dbo].[UserLevels] ([UserId], [LevelId], [PromotionDate]) VALUES (N'f056f119-3916-48ca-5cac-08d7335e4155', 9, CAST(N'0001-01-01T00:00:00.0000000' AS DateTime2))
INSERT [dbo].[UserLevels] ([UserId], [LevelId], [PromotionDate]) VALUES (N'dc41b90e-066c-4199-5cad-08d7335e4155', 13, CAST(N'0001-01-01T00:00:00.0000000' AS DateTime2))
INSERT [dbo].[UserLevels] ([UserId], [LevelId], [PromotionDate]) VALUES (N'e34c26c0-3c1a-49e7-5cae-08d7335e4155', 9, CAST(N'0001-01-01T00:00:00.0000000' AS DateTime2))
INSERT [dbo].[UserLevels] ([UserId], [LevelId], [PromotionDate]) VALUES (N'4680d8ad-b3aa-475b-5caf-08d7335e4155', 3, CAST(N'0001-01-01T00:00:00.0000000' AS DateTime2))
INSERT [dbo].[UserLevels] ([UserId], [LevelId], [PromotionDate]) VALUES (N'847e4e39-614b-49c8-5cb0-08d7335e4155', 14, CAST(N'0001-01-01T00:00:00.0000000' AS DateTime2))
INSERT [dbo].[UserLevels] ([UserId], [LevelId], [PromotionDate]) VALUES (N'6c7ade42-3438-4dd3-5cb1-08d7335e4155', 14, CAST(N'0001-01-01T00:00:00.0000000' AS DateTime2))
INSERT [dbo].[UserLevels] ([UserId], [LevelId], [PromotionDate]) VALUES (N'c57242fd-1c13-48cc-5cb2-08d7335e4155', 2, CAST(N'0001-01-01T00:00:00.0000000' AS DateTime2))
INSERT [dbo].[UserLevels] ([UserId], [LevelId], [PromotionDate]) VALUES (N'66cc5c26-5ff1-4063-5cb3-08d7335e4155', 27, CAST(N'0001-01-01T00:00:00.0000000' AS DateTime2))
INSERT [dbo].[UserLevels] ([UserId], [LevelId], [PromotionDate]) VALUES (N'3b92032e-f929-4615-5cb4-08d7335e4155', 2, CAST(N'0001-01-01T00:00:00.0000000' AS DateTime2))
INSERT [dbo].[UserLevels] ([UserId], [LevelId], [PromotionDate]) VALUES (N'b489c021-04fe-4f50-5cb5-08d7335e4155', 2, CAST(N'0001-01-01T00:00:00.0000000' AS DateTime2))
INSERT [dbo].[UserLevels] ([UserId], [LevelId], [PromotionDate]) VALUES (N'9c66c46b-697e-42bd-5cb6-08d7335e4155', 27, CAST(N'0001-01-01T00:00:00.0000000' AS DateTime2))
INSERT [dbo].[UserLevels] ([UserId], [LevelId], [PromotionDate]) VALUES (N'16773281-6249-41c6-5cb7-08d7335e4155', 27, CAST(N'0001-01-01T00:00:00.0000000' AS DateTime2))
INSERT [dbo].[UserLevels] ([UserId], [LevelId], [PromotionDate]) VALUES (N'a23b8f77-48b1-49fa-5cb8-08d7335e4155', 2, CAST(N'0001-01-01T00:00:00.0000000' AS DateTime2))
INSERT [dbo].[UserLevels] ([UserId], [LevelId], [PromotionDate]) VALUES (N'9b5dd050-0087-429e-5cb9-08d7335e4155', 27, CAST(N'0001-01-01T00:00:00.0000000' AS DateTime2))
INSERT [dbo].[UserLevels] ([UserId], [LevelId], [PromotionDate]) VALUES (N'1616e4bc-89e9-4ec7-5cba-08d7335e4155', 3, CAST(N'0001-01-01T00:00:00.0000000' AS DateTime2))
INSERT [dbo].[UserLevels] ([UserId], [LevelId], [PromotionDate]) VALUES (N'd30c9dc0-6d92-4636-5cbb-08d7335e4155', 2, CAST(N'0001-01-01T00:00:00.0000000' AS DateTime2))
INSERT [dbo].[UserLevels] ([UserId], [LevelId], [PromotionDate]) VALUES (N'3201bd9a-39f4-408c-5cbc-08d7335e4155', 27, CAST(N'0001-01-01T00:00:00.0000000' AS DateTime2))
INSERT [dbo].[UserLevels] ([UserId], [LevelId], [PromotionDate]) VALUES (N'633ca765-bc41-4ea8-5cbd-08d7335e4155', 27, CAST(N'0001-01-01T00:00:00.0000000' AS DateTime2))
INSERT [dbo].[UserLevels] ([UserId], [LevelId], [PromotionDate]) VALUES (N'828a0552-e7c7-4f14-5cbe-08d7335e4155', 3, CAST(N'0001-01-01T00:00:00.0000000' AS DateTime2))
INSERT [dbo].[UserLevels] ([UserId], [LevelId], [PromotionDate]) VALUES (N'fd8b57e9-b8a7-48e4-5cbf-08d7335e4155', 2, CAST(N'0001-01-01T00:00:00.0000000' AS DateTime2))
INSERT [dbo].[UserLevels] ([UserId], [LevelId], [PromotionDate]) VALUES (N'b0e23056-2e67-4035-5cc0-08d7335e4155', 4, CAST(N'0001-01-01T00:00:00.0000000' AS DateTime2))
INSERT [dbo].[UserLevels] ([UserId], [LevelId], [PromotionDate]) VALUES (N'1caa053b-7317-4c2c-5cc1-08d7335e4155', 10, CAST(N'0001-01-01T00:00:00.0000000' AS DateTime2))
INSERT [dbo].[UserLevels] ([UserId], [LevelId], [PromotionDate]) VALUES (N'1a168512-cac3-405b-5cc2-08d7335e4155', 8, CAST(N'0001-01-01T00:00:00.0000000' AS DateTime2))
INSERT [dbo].[UserLevels] ([UserId], [LevelId], [PromotionDate]) VALUES (N'bba782bb-1704-4c0c-5cc3-08d7335e4155', 16, CAST(N'0001-01-01T00:00:00.0000000' AS DateTime2))
INSERT [dbo].[UserLevels] ([UserId], [LevelId], [PromotionDate]) VALUES (N'bb85ba03-ec5d-4cb3-5cc4-08d7335e4155', 19, CAST(N'0001-01-01T00:00:00.0000000' AS DateTime2))
INSERT [dbo].[UserLevels] ([UserId], [LevelId], [PromotionDate]) VALUES (N'350a980b-62be-49a6-5cc5-08d7335e4155', 26, CAST(N'0001-01-01T00:00:00.0000000' AS DateTime2))
INSERT [dbo].[UserLevels] ([UserId], [LevelId], [PromotionDate]) VALUES (N'9a858647-e7b6-4deb-5cc6-08d7335e4155', 21, CAST(N'0001-01-01T00:00:00.0000000' AS DateTime2))
INSERT [dbo].[UserLevels] ([UserId], [LevelId], [PromotionDate]) VALUES (N'6d8c4fe0-255e-492b-5cc7-08d7335e4155', 22, CAST(N'0001-01-01T00:00:00.0000000' AS DateTime2))
INSERT [dbo].[UserLevels] ([UserId], [LevelId], [PromotionDate]) VALUES (N'8bc39077-4571-4a51-5cc8-08d7335e4155', 25, CAST(N'0001-01-01T00:00:00.0000000' AS DateTime2))
INSERT [dbo].[UserLevels] ([UserId], [LevelId], [PromotionDate]) VALUES (N'505454d7-95df-4f89-5cc9-08d7335e4155', 27, CAST(N'0001-01-01T00:00:00.0000000' AS DateTime2))
INSERT [dbo].[UserLevels] ([UserId], [LevelId], [PromotionDate]) VALUES (N'a204718c-6ed2-46d1-5cca-08d7335e4155', 8, CAST(N'0001-01-01T00:00:00.0000000' AS DateTime2))
INSERT [dbo].[UserLevels] ([UserId], [LevelId], [PromotionDate]) VALUES (N'd31d02d1-a154-4a69-5ccb-08d7335e4155', 27, CAST(N'0001-01-01T00:00:00.0000000' AS DateTime2))
INSERT [dbo].[UserLevels] ([UserId], [LevelId], [PromotionDate]) VALUES (N'044d0cd8-b919-4e51-5ccc-08d7335e4155', 14, CAST(N'0001-01-01T00:00:00.0000000' AS DateTime2))
INSERT [dbo].[UserLevels] ([UserId], [LevelId], [PromotionDate]) VALUES (N'86c05f68-ef5e-4ae0-5ccd-08d7335e4155', 2, CAST(N'0001-01-01T00:00:00.0000000' AS DateTime2))
INSERT [dbo].[UserLevels] ([UserId], [LevelId], [PromotionDate]) VALUES (N'cedc0eb2-9450-4842-5cce-08d7335e4155', 16, CAST(N'0001-01-01T00:00:00.0000000' AS DateTime2))
INSERT [dbo].[UserLevels] ([UserId], [LevelId], [PromotionDate]) VALUES (N'000c1785-3af6-4e24-5ccf-08d7335e4155', 2, CAST(N'0001-01-01T00:00:00.0000000' AS DateTime2))
INSERT [dbo].[UserLevels] ([UserId], [LevelId], [PromotionDate]) VALUES (N'61e42a6c-d6c3-4e7a-5cd0-08d7335e4155', 3, CAST(N'0001-01-01T00:00:00.0000000' AS DateTime2))
INSERT [dbo].[UserLevels] ([UserId], [LevelId], [PromotionDate]) VALUES (N'fdccc4f4-8d03-4880-5cd1-08d7335e4155', 5, CAST(N'0001-01-01T00:00:00.0000000' AS DateTime2))
INSERT [dbo].[UserLevels] ([UserId], [LevelId], [PromotionDate]) VALUES (N'89a0dcd8-5435-4979-5cd2-08d7335e4155', 8, CAST(N'0001-01-01T00:00:00.0000000' AS DateTime2))
INSERT [dbo].[UserLevels] ([UserId], [LevelId], [PromotionDate]) VALUES (N'2c054ef8-03cd-4d06-5cd3-08d7335e4155', 11, CAST(N'0001-01-01T00:00:00.0000000' AS DateTime2))
INSERT [dbo].[UserLevels] ([UserId], [LevelId], [PromotionDate]) VALUES (N'd5cb3f3d-23a7-41fb-5cd4-08d7335e4155', 3, CAST(N'0001-01-01T00:00:00.0000000' AS DateTime2))
INSERT [dbo].[UserLevels] ([UserId], [LevelId], [PromotionDate]) VALUES (N'828d38b0-9222-4bf0-5cd5-08d7335e4155', 14, CAST(N'0001-01-01T00:00:00.0000000' AS DateTime2))
INSERT [dbo].[UserLevels] ([UserId], [LevelId], [PromotionDate]) VALUES (N'7cc50ad3-4c7c-412b-5cd6-08d7335e4155', 3, CAST(N'0001-01-01T00:00:00.0000000' AS DateTime2))
INSERT [dbo].[UserLevels] ([UserId], [LevelId], [PromotionDate]) VALUES (N'7733fdd3-bac5-4f87-5cd7-08d7335e4155', 27, CAST(N'0001-01-01T00:00:00.0000000' AS DateTime2))
INSERT [dbo].[UserLevels] ([UserId], [LevelId], [PromotionDate]) VALUES (N'94aac2cc-9e09-4249-5cd8-08d7335e4155', 3, CAST(N'0001-01-01T00:00:00.0000000' AS DateTime2))
INSERT [dbo].[UserLevels] ([UserId], [LevelId], [PromotionDate]) VALUES (N'cb130f7c-867a-47b4-5cd9-08d7335e4155', 27, CAST(N'0001-01-01T00:00:00.0000000' AS DateTime2))
INSERT [dbo].[UserLevels] ([UserId], [LevelId], [PromotionDate]) VALUES (N'63800747-1110-468f-5cda-08d7335e4155', 8, CAST(N'0001-01-01T00:00:00.0000000' AS DateTime2))
INSERT [dbo].[UserLevels] ([UserId], [LevelId], [PromotionDate]) VALUES (N'2044facd-d490-460a-5cdb-08d7335e4155', 2, CAST(N'0001-01-01T00:00:00.0000000' AS DateTime2))
INSERT [dbo].[UserLevels] ([UserId], [LevelId], [PromotionDate]) VALUES (N'251bb43b-5baf-45bb-5cdc-08d7335e4155', 27, CAST(N'0001-01-01T00:00:00.0000000' AS DateTime2))
INSERT [dbo].[UserLevels] ([UserId], [LevelId], [PromotionDate]) VALUES (N'c8ca48bf-4929-45e2-5cdd-08d7335e4155', 8, CAST(N'0001-01-01T00:00:00.0000000' AS DateTime2))
INSERT [dbo].[UserLevels] ([UserId], [LevelId], [PromotionDate]) VALUES (N'9b86a75c-4717-477d-5cde-08d7335e4155', 2, CAST(N'0001-01-01T00:00:00.0000000' AS DateTime2))
INSERT [dbo].[UserLevels] ([UserId], [LevelId], [PromotionDate]) VALUES (N'0634fb7c-3ac4-4d6d-5cdf-08d7335e4155', 14, CAST(N'0001-01-01T00:00:00.0000000' AS DateTime2))
INSERT [dbo].[UserLevels] ([UserId], [LevelId], [PromotionDate]) VALUES (N'df3957fb-0da0-479d-5ce0-08d7335e4155', 28, CAST(N'0001-01-01T00:00:00.0000000' AS DateTime2))
INSERT [dbo].[UserLevels] ([UserId], [LevelId], [PromotionDate]) VALUES (N'a64f44b8-d9df-4ab3-5ce1-08d7335e4155', 28, CAST(N'0001-01-01T00:00:00.0000000' AS DateTime2))
INSERT [dbo].[UserLevels] ([UserId], [LevelId], [PromotionDate]) VALUES (N'85c14bbd-f3d7-464f-5ce2-08d7335e4155', 27, CAST(N'0001-01-01T00:00:00.0000000' AS DateTime2))
INSERT [dbo].[UserLevels] ([UserId], [LevelId], [PromotionDate]) VALUES (N'188d6df9-ec56-4400-5ce3-08d7335e4155', 8, CAST(N'0001-01-01T00:00:00.0000000' AS DateTime2))
INSERT [dbo].[UserLevels] ([UserId], [LevelId], [PromotionDate]) VALUES (N'06706188-f422-476d-5ce4-08d7335e4155', 8, CAST(N'0001-01-01T00:00:00.0000000' AS DateTime2))
INSERT [dbo].[UserLevels] ([UserId], [LevelId], [PromotionDate]) VALUES (N'0882ee05-0246-4856-5ce5-08d7335e4155', 27, CAST(N'0001-01-01T00:00:00.0000000' AS DateTime2))
INSERT [dbo].[UserLevels] ([UserId], [LevelId], [PromotionDate]) VALUES (N'a4aa696e-2315-4a32-5ce6-08d7335e4155', 14, CAST(N'0001-01-01T00:00:00.0000000' AS DateTime2))
INSERT [dbo].[UserLevels] ([UserId], [LevelId], [PromotionDate]) VALUES (N'8b4baa78-41e2-4543-5ce7-08d7335e4155', 27, CAST(N'0001-01-01T00:00:00.0000000' AS DateTime2))
INSERT [dbo].[UserLevels] ([UserId], [LevelId], [PromotionDate]) VALUES (N'9e9adaf5-0d3a-4c12-5ce8-08d7335e4155', 27, CAST(N'0001-01-01T00:00:00.0000000' AS DateTime2))
INSERT [dbo].[UserLevels] ([UserId], [LevelId], [PromotionDate]) VALUES (N'ac6bbc31-104b-4d66-5ce9-08d7335e4155', 27, CAST(N'0001-01-01T00:00:00.0000000' AS DateTime2))
INSERT [dbo].[UserLevels] ([UserId], [LevelId], [PromotionDate]) VALUES (N'eabb8ab3-a806-413a-5cea-08d7335e4155', 27, CAST(N'0001-01-01T00:00:00.0000000' AS DateTime2))
INSERT [dbo].[UserLevels] ([UserId], [LevelId], [PromotionDate]) VALUES (N'491e8c4c-4c9c-4ab2-5ceb-08d7335e4155', 27, CAST(N'0001-01-01T00:00:00.0000000' AS DateTime2))
INSERT [dbo].[UserLevels] ([UserId], [LevelId], [PromotionDate]) VALUES (N'f903afca-4c8e-4c60-5cec-08d7335e4155', 8, CAST(N'0001-01-01T00:00:00.0000000' AS DateTime2))
INSERT [dbo].[UserLevels] ([UserId], [LevelId], [PromotionDate]) VALUES (N'797701c5-2d2a-498e-5ced-08d7335e4155', 2, CAST(N'0001-01-01T00:00:00.0000000' AS DateTime2))
INSERT [dbo].[UserLevels] ([UserId], [LevelId], [PromotionDate]) VALUES (N'c67a6845-6e32-4655-5cee-08d7335e4155', 17, CAST(N'0001-01-01T00:00:00.0000000' AS DateTime2))
INSERT [dbo].[UserLevels] ([UserId], [LevelId], [PromotionDate]) VALUES (N'c156b92f-a9c0-4cdc-5cef-08d7335e4155', 20, CAST(N'0001-01-01T00:00:00.0000000' AS DateTime2))
INSERT [dbo].[UserLevels] ([UserId], [LevelId], [PromotionDate]) VALUES (N'5f2268aa-4a2e-4887-5cf0-08d7335e4155', 12, CAST(N'0001-01-01T00:00:00.0000000' AS DateTime2))
INSERT [dbo].[UserLevels] ([UserId], [LevelId], [PromotionDate]) VALUES (N'e94c5e74-c611-4310-5cf1-08d7335e4155', 27, CAST(N'0001-01-01T00:00:00.0000000' AS DateTime2))
INSERT [dbo].[UserLevels] ([UserId], [LevelId], [PromotionDate]) VALUES (N'3ba21f70-b03b-4be4-5cf2-08d7335e4155', 27, CAST(N'0001-01-01T00:00:00.0000000' AS DateTime2))
INSERT [dbo].[UserLevels] ([UserId], [LevelId], [PromotionDate]) VALUES (N'38c6dc1d-b230-4923-5cf3-08d7335e4155', 27, CAST(N'0001-01-01T00:00:00.0000000' AS DateTime2))
INSERT [dbo].[UserLevels] ([UserId], [LevelId], [PromotionDate]) VALUES (N'd5d86147-06c0-4dfe-5cf4-08d7335e4155', 27, CAST(N'0001-01-01T00:00:00.0000000' AS DateTime2))
INSERT [dbo].[UserLevels] ([UserId], [LevelId], [PromotionDate]) VALUES (N'01e56cc8-6462-4ce8-5cf5-08d7335e4155', 27, CAST(N'0001-01-01T00:00:00.0000000' AS DateTime2))
INSERT [dbo].[UserLevels] ([UserId], [LevelId], [PromotionDate]) VALUES (N'1e9bbd07-a983-43ed-5cf6-08d7335e4155', 23, CAST(N'0001-01-01T00:00:00.0000000' AS DateTime2))
INSERT [dbo].[UserLevels] ([UserId], [LevelId], [PromotionDate]) VALUES (N'b4278d46-8fec-47dd-5cf7-08d7335e4155', 28, CAST(N'0001-01-01T00:00:00.0000000' AS DateTime2))
INSERT [dbo].[UserLevels] ([UserId], [LevelId], [PromotionDate]) VALUES (N'438db27c-8063-4a00-5cf8-08d7335e4155', 28, CAST(N'0001-01-01T00:00:00.0000000' AS DateTime2))
INSERT [dbo].[UserLevels] ([UserId], [LevelId], [PromotionDate]) VALUES (N'3e6b3ee1-9b63-42ee-5cf9-08d7335e4155', 28, CAST(N'0001-01-01T00:00:00.0000000' AS DateTime2))
INSERT [dbo].[UserLevels] ([UserId], [LevelId], [PromotionDate]) VALUES (N'842568a0-5b72-4699-5cfa-08d7335e4155', 28, CAST(N'0001-01-01T00:00:00.0000000' AS DateTime2))
INSERT [dbo].[UserLevels] ([UserId], [LevelId], [PromotionDate]) VALUES (N'7b160093-48d7-463e-5cfb-08d7335e4155', 27, CAST(N'0001-01-01T00:00:00.0000000' AS DateTime2))
INSERT [dbo].[UserLevels] ([UserId], [LevelId], [PromotionDate]) VALUES (N'38fd510e-e298-48ce-5cfc-08d7335e4155', 18, CAST(N'0001-01-01T00:00:00.0000000' AS DateTime2))
INSERT [dbo].[UserLevels] ([UserId], [LevelId], [PromotionDate]) VALUES (N'8d100891-aa07-4743-5cfd-08d7335e4155', 27, CAST(N'0001-01-01T00:00:00.0000000' AS DateTime2))
INSERT [dbo].[UserLevels] ([UserId], [LevelId], [PromotionDate]) VALUES (N'40dbf917-c905-4d1d-5cfe-08d7335e4155', 2, CAST(N'0001-01-01T00:00:00.0000000' AS DateTime2))
INSERT [dbo].[UserLevels] ([UserId], [LevelId], [PromotionDate]) VALUES (N'e3cd5a81-4744-4a7f-5cff-08d7335e4155', 27, CAST(N'0001-01-01T00:00:00.0000000' AS DateTime2))
INSERT [dbo].[UserLevels] ([UserId], [LevelId], [PromotionDate]) VALUES (N'beb5ce8e-5f5b-4e11-5d00-08d7335e4155', 28, CAST(N'0001-01-01T00:00:00.0000000' AS DateTime2))
INSERT [dbo].[UserLevels] ([UserId], [LevelId], [PromotionDate]) VALUES (N'b0742fa8-5236-4c39-5d01-08d7335e4155', 27, CAST(N'0001-01-01T00:00:00.0000000' AS DateTime2))
INSERT [dbo].[UserLevels] ([UserId], [LevelId], [PromotionDate]) VALUES (N'27cfec1b-357f-4d14-5d02-08d7335e4155', 27, CAST(N'0001-01-01T00:00:00.0000000' AS DateTime2))
INSERT [dbo].[UserLevels] ([UserId], [LevelId], [PromotionDate]) VALUES (N'cfd7de75-d469-4358-5d03-08d7335e4155', 28, CAST(N'0001-01-01T00:00:00.0000000' AS DateTime2))
INSERT [dbo].[UserLevels] ([UserId], [LevelId], [PromotionDate]) VALUES (N'5c01f138-57c9-4926-5d04-08d7335e4155', 27, CAST(N'0001-01-01T00:00:00.0000000' AS DateTime2))
INSERT [dbo].[UserLevels] ([UserId], [LevelId], [PromotionDate]) VALUES (N'e10ad45a-6ada-41ed-5d05-08d7335e4155', 24, CAST(N'0001-01-01T00:00:00.0000000' AS DateTime2))
INSERT [dbo].[UserLevels] ([UserId], [LevelId], [PromotionDate]) VALUES (N'9c136db5-a1ed-423d-5d06-08d7335e4155', 27, CAST(N'0001-01-01T00:00:00.0000000' AS DateTime2))
INSERT [dbo].[UserLevels] ([UserId], [LevelId], [PromotionDate]) VALUES (N'ea1d1633-1e0e-4348-5d07-08d7335e4155', 27, CAST(N'0001-01-01T00:00:00.0000000' AS DateTime2))
INSERT [dbo].[UserLevels] ([UserId], [LevelId], [PromotionDate]) VALUES (N'4afdd1ba-d855-4f15-5d08-08d7335e4155', 8, CAST(N'0001-01-01T00:00:00.0000000' AS DateTime2))
GO
INSERT [dbo].[UserLevels] ([UserId], [LevelId], [PromotionDate]) VALUES (N'23a38c2c-6187-42e3-e06f-08d734ea4fbd', 1, CAST(N'0001-01-01T00:00:00.0000000' AS DateTime2))
INSERT [dbo].[UserLevels] ([UserId], [LevelId], [PromotionDate]) VALUES (N'5f7daba5-5abd-4aad-e070-08d734ea4fbd', 3, CAST(N'0001-01-01T00:00:00.0000000' AS DateTime2))
INSERT [dbo].[UserLevels] ([UserId], [LevelId], [PromotionDate]) VALUES (N'6ebc47b8-e4fd-4014-e071-08d734ea4fbd', 4, CAST(N'0001-01-01T00:00:00.0000000' AS DateTime2))
INSERT [dbo].[UserLevels] ([UserId], [LevelId], [PromotionDate]) VALUES (N'd316bfaf-bc4e-43a8-e072-08d734ea4fbd', 27, CAST(N'0001-01-01T00:00:00.0000000' AS DateTime2))
INSERT [dbo].[UserLevels] ([UserId], [LevelId], [PromotionDate]) VALUES (N'a1961d71-3d25-437c-e073-08d734ea4fbd', 27, CAST(N'0001-01-01T00:00:00.0000000' AS DateTime2))
INSERT [dbo].[UserLevels] ([UserId], [LevelId], [PromotionDate]) VALUES (N'c19e4d7f-4e09-43b8-e074-08d734ea4fbd', 9, CAST(N'0001-01-01T00:00:00.0000000' AS DateTime2))
INSERT [dbo].[UserLevels] ([UserId], [LevelId], [PromotionDate]) VALUES (N'26547baf-c244-41a6-e075-08d734ea4fbd', 2, CAST(N'0001-01-01T00:00:00.0000000' AS DateTime2))
INSERT [dbo].[UserLevels] ([UserId], [LevelId], [PromotionDate]) VALUES (N'7304a3d4-7c6f-47a2-e076-08d734ea4fbd', 9, CAST(N'0001-01-01T00:00:00.0000000' AS DateTime2))
INSERT [dbo].[UserLevels] ([UserId], [LevelId], [PromotionDate]) VALUES (N'49a1c1fc-da63-42ea-e077-08d734ea4fbd', 13, CAST(N'0001-01-01T00:00:00.0000000' AS DateTime2))
INSERT [dbo].[UserLevels] ([UserId], [LevelId], [PromotionDate]) VALUES (N'6ddbe757-04cf-408f-e078-08d734ea4fbd', 9, CAST(N'0001-01-01T00:00:00.0000000' AS DateTime2))
INSERT [dbo].[UserLevels] ([UserId], [LevelId], [PromotionDate]) VALUES (N'f1d375fd-71cb-49ce-e079-08d734ea4fbd', 3, CAST(N'0001-01-01T00:00:00.0000000' AS DateTime2))
INSERT [dbo].[UserLevels] ([UserId], [LevelId], [PromotionDate]) VALUES (N'ca1c5c68-198d-491e-e07a-08d734ea4fbd', 14, CAST(N'0001-01-01T00:00:00.0000000' AS DateTime2))
INSERT [dbo].[UserLevels] ([UserId], [LevelId], [PromotionDate]) VALUES (N'afd9dc63-1364-4b0e-e07b-08d734ea4fbd', 14, CAST(N'0001-01-01T00:00:00.0000000' AS DateTime2))
INSERT [dbo].[UserLevels] ([UserId], [LevelId], [PromotionDate]) VALUES (N'0ef44479-ab18-40c8-e07c-08d734ea4fbd', 2, CAST(N'0001-01-01T00:00:00.0000000' AS DateTime2))
INSERT [dbo].[UserLevels] ([UserId], [LevelId], [PromotionDate]) VALUES (N'476cba34-c658-414c-e07d-08d734ea4fbd', 27, CAST(N'0001-01-01T00:00:00.0000000' AS DateTime2))
INSERT [dbo].[UserLevels] ([UserId], [LevelId], [PromotionDate]) VALUES (N'45caf70d-6be0-4c11-e07e-08d734ea4fbd', 2, CAST(N'0001-01-01T00:00:00.0000000' AS DateTime2))
INSERT [dbo].[UserLevels] ([UserId], [LevelId], [PromotionDate]) VALUES (N'8041e426-d350-44ec-e07f-08d734ea4fbd', 2, CAST(N'0001-01-01T00:00:00.0000000' AS DateTime2))
INSERT [dbo].[UserLevels] ([UserId], [LevelId], [PromotionDate]) VALUES (N'4ca4ae15-e333-45f2-e080-08d734ea4fbd', 27, CAST(N'0001-01-01T00:00:00.0000000' AS DateTime2))
INSERT [dbo].[UserLevels] ([UserId], [LevelId], [PromotionDate]) VALUES (N'2e332846-9e94-48fe-e081-08d734ea4fbd', 27, CAST(N'0001-01-01T00:00:00.0000000' AS DateTime2))
INSERT [dbo].[UserLevels] ([UserId], [LevelId], [PromotionDate]) VALUES (N'dadeb8ca-2cec-4c00-e082-08d734ea4fbd', 2, CAST(N'0001-01-01T00:00:00.0000000' AS DateTime2))
INSERT [dbo].[UserLevels] ([UserId], [LevelId], [PromotionDate]) VALUES (N'c9d021f3-b39d-4604-e083-08d734ea4fbd', 27, CAST(N'0001-01-01T00:00:00.0000000' AS DateTime2))
INSERT [dbo].[UserLevels] ([UserId], [LevelId], [PromotionDate]) VALUES (N'3b1913b5-906d-490c-e084-08d734ea4fbd', 3, CAST(N'0001-01-01T00:00:00.0000000' AS DateTime2))
INSERT [dbo].[UserLevels] ([UserId], [LevelId], [PromotionDate]) VALUES (N'28701727-21a0-4332-e085-08d734ea4fbd', 2, CAST(N'0001-01-01T00:00:00.0000000' AS DateTime2))
INSERT [dbo].[UserLevels] ([UserId], [LevelId], [PromotionDate]) VALUES (N'ee1983b8-751b-4996-e086-08d734ea4fbd', 27, CAST(N'0001-01-01T00:00:00.0000000' AS DateTime2))
INSERT [dbo].[UserLevels] ([UserId], [LevelId], [PromotionDate]) VALUES (N'45a6509b-d653-4393-e087-08d734ea4fbd', 27, CAST(N'0001-01-01T00:00:00.0000000' AS DateTime2))
INSERT [dbo].[UserLevels] ([UserId], [LevelId], [PromotionDate]) VALUES (N'42950cc2-4fe0-461d-e088-08d734ea4fbd', 3, CAST(N'0001-01-01T00:00:00.0000000' AS DateTime2))
INSERT [dbo].[UserLevels] ([UserId], [LevelId], [PromotionDate]) VALUES (N'56432e0f-02a4-47ee-e089-08d734ea4fbd', 2, CAST(N'0001-01-01T00:00:00.0000000' AS DateTime2))
INSERT [dbo].[UserLevels] ([UserId], [LevelId], [PromotionDate]) VALUES (N'e5b8d35f-0780-472d-e08a-08d734ea4fbd', 4, CAST(N'0001-01-01T00:00:00.0000000' AS DateTime2))
INSERT [dbo].[UserLevels] ([UserId], [LevelId], [PromotionDate]) VALUES (N'0e57539d-0e42-4040-e08b-08d734ea4fbd', 10, CAST(N'0001-01-01T00:00:00.0000000' AS DateTime2))
INSERT [dbo].[UserLevels] ([UserId], [LevelId], [PromotionDate]) VALUES (N'4296233b-db24-48cc-e08c-08d734ea4fbd', 8, CAST(N'0001-01-01T00:00:00.0000000' AS DateTime2))
INSERT [dbo].[UserLevels] ([UserId], [LevelId], [PromotionDate]) VALUES (N'5e34f595-3d3a-48ea-e08d-08d734ea4fbd', 16, CAST(N'0001-01-01T00:00:00.0000000' AS DateTime2))
INSERT [dbo].[UserLevels] ([UserId], [LevelId], [PromotionDate]) VALUES (N'5d5daf2d-5c71-4dd1-e08e-08d734ea4fbd', 19, CAST(N'0001-01-01T00:00:00.0000000' AS DateTime2))
INSERT [dbo].[UserLevels] ([UserId], [LevelId], [PromotionDate]) VALUES (N'5b6f4ca8-5a4b-4cbe-e08f-08d734ea4fbd', 26, CAST(N'0001-01-01T00:00:00.0000000' AS DateTime2))
INSERT [dbo].[UserLevels] ([UserId], [LevelId], [PromotionDate]) VALUES (N'a4d6871f-3bbc-4ba4-e090-08d734ea4fbd', 21, CAST(N'0001-01-01T00:00:00.0000000' AS DateTime2))
INSERT [dbo].[UserLevels] ([UserId], [LevelId], [PromotionDate]) VALUES (N'60a03435-9aa5-43cf-e091-08d734ea4fbd', 22, CAST(N'0001-01-01T00:00:00.0000000' AS DateTime2))
INSERT [dbo].[UserLevels] ([UserId], [LevelId], [PromotionDate]) VALUES (N'ac0f96aa-ecd0-4b8c-e092-08d734ea4fbd', 25, CAST(N'0001-01-01T00:00:00.0000000' AS DateTime2))
INSERT [dbo].[UserLevels] ([UserId], [LevelId], [PromotionDate]) VALUES (N'8cc69abc-f1d3-4b66-e093-08d734ea4fbd', 27, CAST(N'0001-01-01T00:00:00.0000000' AS DateTime2))
INSERT [dbo].[UserLevels] ([UserId], [LevelId], [PromotionDate]) VALUES (N'485e2c85-3761-4439-e094-08d734ea4fbd', 8, CAST(N'0001-01-01T00:00:00.0000000' AS DateTime2))
INSERT [dbo].[UserLevels] ([UserId], [LevelId], [PromotionDate]) VALUES (N'6fc99d00-0ade-43f3-e095-08d734ea4fbd', 27, CAST(N'0001-01-01T00:00:00.0000000' AS DateTime2))
INSERT [dbo].[UserLevels] ([UserId], [LevelId], [PromotionDate]) VALUES (N'63533953-ecbf-4825-e096-08d734ea4fbd', 14, CAST(N'0001-01-01T00:00:00.0000000' AS DateTime2))
INSERT [dbo].[UserLevels] ([UserId], [LevelId], [PromotionDate]) VALUES (N'5bc8c2da-4ee1-4cc0-e097-08d734ea4fbd', 2, CAST(N'0001-01-01T00:00:00.0000000' AS DateTime2))
INSERT [dbo].[UserLevels] ([UserId], [LevelId], [PromotionDate]) VALUES (N'dc0b85c4-9e66-44e3-e098-08d734ea4fbd', 16, CAST(N'0001-01-01T00:00:00.0000000' AS DateTime2))
INSERT [dbo].[UserLevels] ([UserId], [LevelId], [PromotionDate]) VALUES (N'd281a54e-d1eb-4bd5-e099-08d734ea4fbd', 2, CAST(N'0001-01-01T00:00:00.0000000' AS DateTime2))
INSERT [dbo].[UserLevels] ([UserId], [LevelId], [PromotionDate]) VALUES (N'5166119f-f0de-4c28-e09a-08d734ea4fbd', 3, CAST(N'0001-01-01T00:00:00.0000000' AS DateTime2))
INSERT [dbo].[UserLevels] ([UserId], [LevelId], [PromotionDate]) VALUES (N'1e9b6da8-edf1-4915-e09b-08d734ea4fbd', 5, CAST(N'0001-01-01T00:00:00.0000000' AS DateTime2))
INSERT [dbo].[UserLevels] ([UserId], [LevelId], [PromotionDate]) VALUES (N'b69dd10f-2bad-4ebb-e09c-08d734ea4fbd', 8, CAST(N'0001-01-01T00:00:00.0000000' AS DateTime2))
INSERT [dbo].[UserLevels] ([UserId], [LevelId], [PromotionDate]) VALUES (N'44c31d9b-135f-4922-e09d-08d734ea4fbd', 11, CAST(N'0001-01-01T00:00:00.0000000' AS DateTime2))
INSERT [dbo].[UserLevels] ([UserId], [LevelId], [PromotionDate]) VALUES (N'dc1dcd89-9219-46f0-e09e-08d734ea4fbd', 3, CAST(N'0001-01-01T00:00:00.0000000' AS DateTime2))
INSERT [dbo].[UserLevels] ([UserId], [LevelId], [PromotionDate]) VALUES (N'54da4a6a-80e3-4992-e09f-08d734ea4fbd', 14, CAST(N'0001-01-01T00:00:00.0000000' AS DateTime2))
INSERT [dbo].[UserLevels] ([UserId], [LevelId], [PromotionDate]) VALUES (N'f5dc5915-511e-48e9-e0a0-08d734ea4fbd', 3, CAST(N'0001-01-01T00:00:00.0000000' AS DateTime2))
INSERT [dbo].[UserLevels] ([UserId], [LevelId], [PromotionDate]) VALUES (N'66109304-4619-45eb-e0a1-08d734ea4fbd', 27, CAST(N'0001-01-01T00:00:00.0000000' AS DateTime2))
INSERT [dbo].[UserLevels] ([UserId], [LevelId], [PromotionDate]) VALUES (N'0a65074e-d555-464f-e0a2-08d734ea4fbd', 3, CAST(N'0001-01-01T00:00:00.0000000' AS DateTime2))
INSERT [dbo].[UserLevels] ([UserId], [LevelId], [PromotionDate]) VALUES (N'daf212bf-fab7-419b-e0a3-08d734ea4fbd', 27, CAST(N'0001-01-01T00:00:00.0000000' AS DateTime2))
INSERT [dbo].[UserLevels] ([UserId], [LevelId], [PromotionDate]) VALUES (N'29070310-e815-4cea-e0a4-08d734ea4fbd', 8, CAST(N'0001-01-01T00:00:00.0000000' AS DateTime2))
INSERT [dbo].[UserLevels] ([UserId], [LevelId], [PromotionDate]) VALUES (N'288b45d1-a2eb-4a61-e0a5-08d734ea4fbd', 2, CAST(N'0001-01-01T00:00:00.0000000' AS DateTime2))
INSERT [dbo].[UserLevels] ([UserId], [LevelId], [PromotionDate]) VALUES (N'3ff765e5-259c-4ccf-e0a6-08d734ea4fbd', 27, CAST(N'0001-01-01T00:00:00.0000000' AS DateTime2))
INSERT [dbo].[UserLevels] ([UserId], [LevelId], [PromotionDate]) VALUES (N'0ba69b16-06ff-4e0f-e0a7-08d734ea4fbd', 8, CAST(N'0001-01-01T00:00:00.0000000' AS DateTime2))
INSERT [dbo].[UserLevels] ([UserId], [LevelId], [PromotionDate]) VALUES (N'849a9084-b02e-402f-e0a8-08d734ea4fbd', 2, CAST(N'0001-01-01T00:00:00.0000000' AS DateTime2))
INSERT [dbo].[UserLevels] ([UserId], [LevelId], [PromotionDate]) VALUES (N'79f556fc-84e6-4674-e0a9-08d734ea4fbd', 14, CAST(N'0001-01-01T00:00:00.0000000' AS DateTime2))
INSERT [dbo].[UserLevels] ([UserId], [LevelId], [PromotionDate]) VALUES (N'81a77663-556c-4da4-e0aa-08d734ea4fbd', 28, CAST(N'0001-01-01T00:00:00.0000000' AS DateTime2))
INSERT [dbo].[UserLevels] ([UserId], [LevelId], [PromotionDate]) VALUES (N'67f4088e-a1da-4437-e0ab-08d734ea4fbd', 28, CAST(N'0001-01-01T00:00:00.0000000' AS DateTime2))
INSERT [dbo].[UserLevels] ([UserId], [LevelId], [PromotionDate]) VALUES (N'155ccb5f-83bc-483e-e0ac-08d734ea4fbd', 27, CAST(N'0001-01-01T00:00:00.0000000' AS DateTime2))
INSERT [dbo].[UserLevels] ([UserId], [LevelId], [PromotionDate]) VALUES (N'ab030b29-625c-471a-e0ad-08d734ea4fbd', 8, CAST(N'0001-01-01T00:00:00.0000000' AS DateTime2))
INSERT [dbo].[UserLevels] ([UserId], [LevelId], [PromotionDate]) VALUES (N'a5fe56ef-58fa-4dd8-e0ae-08d734ea4fbd', 8, CAST(N'0001-01-01T00:00:00.0000000' AS DateTime2))
INSERT [dbo].[UserLevels] ([UserId], [LevelId], [PromotionDate]) VALUES (N'5dd9250e-f8e1-43d4-e0af-08d734ea4fbd', 27, CAST(N'0001-01-01T00:00:00.0000000' AS DateTime2))
INSERT [dbo].[UserLevels] ([UserId], [LevelId], [PromotionDate]) VALUES (N'b96bb11f-7898-4afd-e0b0-08d734ea4fbd', 14, CAST(N'0001-01-01T00:00:00.0000000' AS DateTime2))
INSERT [dbo].[UserLevels] ([UserId], [LevelId], [PromotionDate]) VALUES (N'e3235fc4-3834-4264-e0b1-08d734ea4fbd', 27, CAST(N'0001-01-01T00:00:00.0000000' AS DateTime2))
INSERT [dbo].[UserLevels] ([UserId], [LevelId], [PromotionDate]) VALUES (N'2c8dd83d-225e-4994-e0b2-08d734ea4fbd', 27, CAST(N'0001-01-01T00:00:00.0000000' AS DateTime2))
INSERT [dbo].[UserLevels] ([UserId], [LevelId], [PromotionDate]) VALUES (N'f18372b1-6aa7-404f-e0b3-08d734ea4fbd', 27, CAST(N'0001-01-01T00:00:00.0000000' AS DateTime2))
INSERT [dbo].[UserLevels] ([UserId], [LevelId], [PromotionDate]) VALUES (N'503cc271-98f7-46ca-e0b4-08d734ea4fbd', 27, CAST(N'0001-01-01T00:00:00.0000000' AS DateTime2))
INSERT [dbo].[UserLevels] ([UserId], [LevelId], [PromotionDate]) VALUES (N'39c5d693-3430-4e1a-e0b5-08d734ea4fbd', 27, CAST(N'0001-01-01T00:00:00.0000000' AS DateTime2))
INSERT [dbo].[UserLevels] ([UserId], [LevelId], [PromotionDate]) VALUES (N'5ddfdb38-22f4-4da5-e0b6-08d734ea4fbd', 8, CAST(N'0001-01-01T00:00:00.0000000' AS DateTime2))
INSERT [dbo].[UserLevels] ([UserId], [LevelId], [PromotionDate]) VALUES (N'84e93265-c8f8-4814-e0b7-08d734ea4fbd', 2, CAST(N'0001-01-01T00:00:00.0000000' AS DateTime2))
INSERT [dbo].[UserLevels] ([UserId], [LevelId], [PromotionDate]) VALUES (N'4276a605-cfb1-4b51-e0b8-08d734ea4fbd', 17, CAST(N'0001-01-01T00:00:00.0000000' AS DateTime2))
INSERT [dbo].[UserLevels] ([UserId], [LevelId], [PromotionDate]) VALUES (N'c3183366-7dc7-4fce-e0b9-08d734ea4fbd', 20, CAST(N'0001-01-01T00:00:00.0000000' AS DateTime2))
INSERT [dbo].[UserLevels] ([UserId], [LevelId], [PromotionDate]) VALUES (N'f9877f1a-2f03-434d-e0ba-08d734ea4fbd', 12, CAST(N'0001-01-01T00:00:00.0000000' AS DateTime2))
INSERT [dbo].[UserLevels] ([UserId], [LevelId], [PromotionDate]) VALUES (N'97f6995b-40dc-46d1-e0bb-08d734ea4fbd', 27, CAST(N'0001-01-01T00:00:00.0000000' AS DateTime2))
INSERT [dbo].[UserLevels] ([UserId], [LevelId], [PromotionDate]) VALUES (N'93af2cd5-52b0-4d40-e0bc-08d734ea4fbd', 27, CAST(N'0001-01-01T00:00:00.0000000' AS DateTime2))
INSERT [dbo].[UserLevels] ([UserId], [LevelId], [PromotionDate]) VALUES (N'fa3f39aa-775e-45c2-e0bd-08d734ea4fbd', 27, CAST(N'0001-01-01T00:00:00.0000000' AS DateTime2))
INSERT [dbo].[UserLevels] ([UserId], [LevelId], [PromotionDate]) VALUES (N'c4f25a95-6692-4390-e0be-08d734ea4fbd', 27, CAST(N'0001-01-01T00:00:00.0000000' AS DateTime2))
INSERT [dbo].[UserLevels] ([UserId], [LevelId], [PromotionDate]) VALUES (N'cc3f06fa-3b1d-4700-e0bf-08d734ea4fbd', 27, CAST(N'0001-01-01T00:00:00.0000000' AS DateTime2))
INSERT [dbo].[UserLevels] ([UserId], [LevelId], [PromotionDate]) VALUES (N'66651701-7290-4705-e0c0-08d734ea4fbd', 23, CAST(N'0001-01-01T00:00:00.0000000' AS DateTime2))
INSERT [dbo].[UserLevels] ([UserId], [LevelId], [PromotionDate]) VALUES (N'1ae5b9b7-fef1-41ce-e0c1-08d734ea4fbd', 28, CAST(N'0001-01-01T00:00:00.0000000' AS DateTime2))
INSERT [dbo].[UserLevels] ([UserId], [LevelId], [PromotionDate]) VALUES (N'08739f49-3756-4bbb-e0c2-08d734ea4fbd', 28, CAST(N'0001-01-01T00:00:00.0000000' AS DateTime2))
INSERT [dbo].[UserLevels] ([UserId], [LevelId], [PromotionDate]) VALUES (N'9fc36519-20c8-46f5-e0c3-08d734ea4fbd', 28, CAST(N'0001-01-01T00:00:00.0000000' AS DateTime2))
INSERT [dbo].[UserLevels] ([UserId], [LevelId], [PromotionDate]) VALUES (N'702eae85-ed8b-4eed-e0c4-08d734ea4fbd', 28, CAST(N'0001-01-01T00:00:00.0000000' AS DateTime2))
INSERT [dbo].[UserLevels] ([UserId], [LevelId], [PromotionDate]) VALUES (N'289c0a85-c7a2-486a-e0c5-08d734ea4fbd', 27, CAST(N'0001-01-01T00:00:00.0000000' AS DateTime2))
INSERT [dbo].[UserLevels] ([UserId], [LevelId], [PromotionDate]) VALUES (N'30779884-63e2-420d-e0c6-08d734ea4fbd', 18, CAST(N'0001-01-01T00:00:00.0000000' AS DateTime2))
INSERT [dbo].[UserLevels] ([UserId], [LevelId], [PromotionDate]) VALUES (N'0bcfb266-dbb6-40a5-e0c7-08d734ea4fbd', 27, CAST(N'0001-01-01T00:00:00.0000000' AS DateTime2))
INSERT [dbo].[UserLevels] ([UserId], [LevelId], [PromotionDate]) VALUES (N'385d4ad8-de8c-4496-e0c8-08d734ea4fbd', 2, CAST(N'0001-01-01T00:00:00.0000000' AS DateTime2))
INSERT [dbo].[UserLevels] ([UserId], [LevelId], [PromotionDate]) VALUES (N'5c783e01-9dde-457a-e0c9-08d734ea4fbd', 27, CAST(N'0001-01-01T00:00:00.0000000' AS DateTime2))
INSERT [dbo].[UserLevels] ([UserId], [LevelId], [PromotionDate]) VALUES (N'9f4df640-20dc-4bc3-e0ca-08d734ea4fbd', 28, CAST(N'0001-01-01T00:00:00.0000000' AS DateTime2))
INSERT [dbo].[UserLevels] ([UserId], [LevelId], [PromotionDate]) VALUES (N'b2185589-0690-4e45-e0cb-08d734ea4fbd', 27, CAST(N'0001-01-01T00:00:00.0000000' AS DateTime2))
INSERT [dbo].[UserLevels] ([UserId], [LevelId], [PromotionDate]) VALUES (N'cf7370c9-dbf6-4cb6-e0cc-08d734ea4fbd', 27, CAST(N'0001-01-01T00:00:00.0000000' AS DateTime2))
INSERT [dbo].[UserLevels] ([UserId], [LevelId], [PromotionDate]) VALUES (N'ebf48ae7-fc07-46e7-e0cd-08d734ea4fbd', 28, CAST(N'0001-01-01T00:00:00.0000000' AS DateTime2))
INSERT [dbo].[UserLevels] ([UserId], [LevelId], [PromotionDate]) VALUES (N'48618500-2426-4499-e0ce-08d734ea4fbd', 27, CAST(N'0001-01-01T00:00:00.0000000' AS DateTime2))
INSERT [dbo].[UserLevels] ([UserId], [LevelId], [PromotionDate]) VALUES (N'a0119812-a9ae-46fd-e0cf-08d734ea4fbd', 24, CAST(N'0001-01-01T00:00:00.0000000' AS DateTime2))
INSERT [dbo].[UserLevels] ([UserId], [LevelId], [PromotionDate]) VALUES (N'6efff8b7-9be6-4394-e0d0-08d734ea4fbd', 27, CAST(N'0001-01-01T00:00:00.0000000' AS DateTime2))
INSERT [dbo].[UserLevels] ([UserId], [LevelId], [PromotionDate]) VALUES (N'2bf5b32f-35ce-4549-e0d1-08d734ea4fbd', 27, CAST(N'0001-01-01T00:00:00.0000000' AS DateTime2))
INSERT [dbo].[UserLevels] ([UserId], [LevelId], [PromotionDate]) VALUES (N'ec7a2f02-d3c9-4b4e-e0d2-08d734ea4fbd', 8, CAST(N'0001-01-01T00:00:00.0000000' AS DateTime2))
GO
INSERT [dbo].[UserLevels] ([UserId], [LevelId], [PromotionDate]) VALUES (N'2eb36971-47e4-4ec5-bcee-21283b2388c7', 27, CAST(N'2019-09-07T14:45:45.8100000' AS DateTime2))
INSERT [dbo].[UserLevels] ([UserId], [LevelId], [PromotionDate]) VALUES (N'f82a76e0-6ee0-4d0d-9a4d-eabdc392e3cb', 27, CAST(N'2017-09-13T19:36:51.5470000' AS DateTime2))
SET IDENTITY_INSERT [dbo].[Roles] ON 

INSERT [dbo].[Roles] ([Id], [Name]) VALUES (1, N'TL')
INSERT [dbo].[Roles] ([Id], [Name]) VALUES (2, N'PM')
INSERT [dbo].[Roles] ([Id], [Name]) VALUES (3, N'DM')
INSERT [dbo].[Roles] ([Id], [Name]) VALUES (4, N'CEO')
INSERT [dbo].[Roles] ([Id], [Name]) VALUES (5, N'HR')
INSERT [dbo].[Roles] ([Id], [Name]) VALUES (6, N'System Admin')
INSERT [dbo].[Roles] ([Id], [Name]) VALUES (7, N'Employee')
SET IDENTITY_INSERT [dbo].[Roles] OFF
INSERT [dbo].[UserRoles] ([UserId], [RoleId]) VALUES (N'2eb36971-47e4-4ec5-bcee-21283b2388c7', 1)
INSERT [dbo].[UserRoles] ([UserId], [RoleId]) VALUES (N'fdccc4f4-8d03-4880-5cd1-08d7335e4155', 7)
INSERT [dbo].[UserRoles] ([UserId], [RoleId]) VALUES (N'ac6bbc31-104b-4d66-5ce9-08d7335e4155', 7)
INSERT [dbo].[UserRoles] ([UserId], [RoleId]) VALUES (N'438db27c-8063-4a00-5cf8-08d7335e4155', 7)
INSERT [dbo].[UserRoles] ([UserId], [RoleId]) VALUES (N'3e6b3ee1-9b63-42ee-5cf9-08d7335e4155', 7)
SET IDENTITY_INSERT [dbo].[Appraisals] ON 

INSERT [dbo].[Appraisals] ([Id], [CreatedDate], [CreatedBy], [UpdatedDate], [UpdatedBy], [IsDeleted], [DueDate], [OwnerId], [PerformanceReviewCycleId]) VALUES (2, CAST(N'2019-09-13T19:36:51.5470000' AS DateTime2), N'bb85ba03-ec5d-4cb3-5cc4-08d7335e4155', NULL, NULL, 0, CAST(N'2019-09-12T19:36:51.5470000' AS DateTime2), N'ec7a2f02-d3c9-4b4e-e0d2-08d734ea4fbd', 1)
INSERT [dbo].[Appraisals] ([Id], [CreatedDate], [CreatedBy], [UpdatedDate], [UpdatedBy], [IsDeleted], [DueDate], [OwnerId], [PerformanceReviewCycleId]) VALUES (3, CAST(N'2019-09-13T19:36:51.5470000' AS DateTime2), N'bb85ba03-ec5d-4cb3-5cc4-08d7335e4155', NULL, NULL, 0, CAST(N'2019-09-12T19:36:51.5470000' AS DateTime2), N'08739f49-3756-4bbb-e0c2-08d734ea4fbd', 1)
INSERT [dbo].[Appraisals] ([Id], [CreatedDate], [CreatedBy], [UpdatedDate], [UpdatedBy], [IsDeleted], [DueDate], [OwnerId], [PerformanceReviewCycleId]) VALUES (4, CAST(N'2019-09-13T19:36:51.5470000' AS DateTime2), N'bb85ba03-ec5d-4cb3-5cc4-08d7335e4155', NULL, NULL, 0, CAST(N'2019-09-12T19:36:51.5470000' AS DateTime2), N'9fc36519-20c8-46f5-e0c3-08d734ea4fbd', 1)
INSERT [dbo].[Appraisals] ([Id], [CreatedDate], [CreatedBy], [UpdatedDate], [UpdatedBy], [IsDeleted], [DueDate], [OwnerId], [PerformanceReviewCycleId]) VALUES (5, CAST(N'2019-09-13T19:36:51.5470000' AS DateTime2), N'bb85ba03-ec5d-4cb3-5cc4-08d7335e4155', NULL, NULL, 0, CAST(N'2019-09-12T19:36:51.5470000' AS DateTime2), N'e3235fc4-3834-4264-e0b1-08d734ea4fbd', 1)
INSERT [dbo].[Appraisals] ([Id], [CreatedDate], [CreatedBy], [UpdatedDate], [UpdatedBy], [IsDeleted], [DueDate], [OwnerId], [PerformanceReviewCycleId]) VALUES (6, CAST(N'2019-09-13T19:36:51.5470000' AS DateTime2), N'bb85ba03-ec5d-4cb3-5cc4-08d7335e4155', NULL, NULL, 0, CAST(N'2019-09-12T19:36:51.5470000' AS DateTime2), N'1e9b6da8-edf1-4915-e09b-08d734ea4fbd', 1)
INSERT [dbo].[Appraisals] ([Id], [CreatedDate], [CreatedBy], [UpdatedDate], [UpdatedBy], [IsDeleted], [DueDate], [OwnerId], [PerformanceReviewCycleId]) VALUES (7, CAST(N'2019-09-13T19:36:51.5470000' AS DateTime2), N'bb85ba03-ec5d-4cb3-5cc4-08d7335e4155', NULL, NULL, 0, CAST(N'2019-09-16T16:57:10.0507000' AS DateTime2), N'2eb36971-47e4-4ec5-bcee-21283b2388c7', 1)
SET IDENTITY_INSERT [dbo].[Appraisals] OFF
SET IDENTITY_INSERT [dbo].[AppraisalParticipants] ON 

INSERT [dbo].[AppraisalParticipants] ([Id], [CreatedDate], [CreatedBy], [UpdatedDate], [UpdatedBy], [IsDeleted], [GeneralComment], [IsMain], [RoleId], [UserId], [AppraisalId], [DueDate], [IsInvited]) VALUES (1, CAST(N'2019-09-13T19:36:51.5470000' AS DateTime2), N'bb85ba03-ec5d-4cb3-5cc4-08d7335e4155', NULL, NULL, 0, NULL, 1, 1, N'2eb36971-47e4-4ec5-bcee-21283b2388c7', 2, NULL, 0)
INSERT [dbo].[AppraisalParticipants] ([Id], [CreatedDate], [CreatedBy], [UpdatedDate], [UpdatedBy], [IsDeleted], [GeneralComment], [IsMain], [RoleId], [UserId], [AppraisalId], [DueDate], [IsInvited]) VALUES (2, CAST(N'2019-09-13T19:36:51.5470000' AS DateTime2), N'bb85ba03-ec5d-4cb3-5cc4-08d7335e4155', NULL, NULL, 0, NULL, 1, 7, N'ec7a2f02-d3c9-4b4e-e0d2-08d734ea4fbd', 2, NULL, 0)
INSERT [dbo].[AppraisalParticipants] ([Id], [CreatedDate], [CreatedBy], [UpdatedDate], [UpdatedBy], [IsDeleted], [GeneralComment], [IsMain], [RoleId], [UserId], [AppraisalId], [DueDate], [IsInvited]) VALUES (3, CAST(N'2019-09-13T19:36:51.5470000' AS DateTime2), N'bb85ba03-ec5d-4cb3-5cc4-08d7335e4155', NULL, NULL, 0, NULL, 1, 1, N'2eb36971-47e4-4ec5-bcee-21283b2388c7', 3, NULL, 0)
INSERT [dbo].[AppraisalParticipants] ([Id], [CreatedDate], [CreatedBy], [UpdatedDate], [UpdatedBy], [IsDeleted], [GeneralComment], [IsMain], [RoleId], [UserId], [AppraisalId], [DueDate], [IsInvited]) VALUES (4, CAST(N'2019-09-13T19:36:51.5470000' AS DateTime2), N'bb85ba03-ec5d-4cb3-5cc4-08d7335e4155', NULL, NULL, 0, NULL, 1, 7, N'08739f49-3756-4bbb-e0c2-08d734ea4fbd', 3, NULL, 0)
INSERT [dbo].[AppraisalParticipants] ([Id], [CreatedDate], [CreatedBy], [UpdatedDate], [UpdatedBy], [IsDeleted], [GeneralComment], [IsMain], [RoleId], [UserId], [AppraisalId], [DueDate], [IsInvited]) VALUES (5, CAST(N'2019-09-13T19:36:51.5470000' AS DateTime2), N'bb85ba03-ec5d-4cb3-5cc4-08d7335e4155', NULL, NULL, 0, NULL, 1, 2, N'dc0b85c4-9e66-44e3-e098-08d734ea4fbd', 2, NULL, 0)
INSERT [dbo].[AppraisalParticipants] ([Id], [CreatedDate], [CreatedBy], [UpdatedDate], [UpdatedBy], [IsDeleted], [GeneralComment], [IsMain], [RoleId], [UserId], [AppraisalId], [DueDate], [IsInvited]) VALUES (6, CAST(N'2019-09-13T19:36:51.5470000' AS DateTime2), N'bb85ba03-ec5d-4cb3-5cc4-08d7335e4155', NULL, NULL, 0, NULL, 1, 2, N'dc0b85c4-9e66-44e3-e098-08d734ea4fbd', 3, NULL, 0)
INSERT [dbo].[AppraisalParticipants] ([Id], [CreatedDate], [CreatedBy], [UpdatedDate], [UpdatedBy], [IsDeleted], [GeneralComment], [IsMain], [RoleId], [UserId], [AppraisalId], [DueDate], [IsInvited]) VALUES (7, CAST(N'2019-09-13T19:36:51.5470000' AS DateTime2), N'bb85ba03-ec5d-4cb3-5cc4-08d7335e4155', NULL, NULL, 0, NULL, 1, 3, N'dc0b85c4-9e66-44e3-e098-08d734ea4fbd', 2, NULL, 0)
INSERT [dbo].[AppraisalParticipants] ([Id], [CreatedDate], [CreatedBy], [UpdatedDate], [UpdatedBy], [IsDeleted], [GeneralComment], [IsMain], [RoleId], [UserId], [AppraisalId], [DueDate], [IsInvited]) VALUES (8, CAST(N'2019-09-13T19:36:51.5470000' AS DateTime2), N'bb85ba03-ec5d-4cb3-5cc4-08d7335e4155', NULL, NULL, 0, NULL, 1, 3, N'dc0b85c4-9e66-44e3-e098-08d734ea4fbd', 3, NULL, 0)
INSERT [dbo].[AppraisalParticipants] ([Id], [CreatedDate], [CreatedBy], [UpdatedDate], [UpdatedBy], [IsDeleted], [GeneralComment], [IsMain], [RoleId], [UserId], [AppraisalId], [DueDate], [IsInvited]) VALUES (9, CAST(N'2019-09-13T19:36:51.5470000' AS DateTime2), N'bb85ba03-ec5d-4cb3-5cc4-08d7335e4155', NULL, NULL, 0, N'Is it good?', 1, 7, N'1e9b6da8-edf1-4915-e09b-08d734ea4fbd', 6, NULL, 0)
INSERT [dbo].[AppraisalParticipants] ([Id], [CreatedDate], [CreatedBy], [UpdatedDate], [UpdatedBy], [IsDeleted], [GeneralComment], [IsMain], [RoleId], [UserId], [AppraisalId], [DueDate], [IsInvited]) VALUES (10, CAST(N'2019-09-13T19:36:51.5470000' AS DateTime2), N'bb85ba03-ec5d-4cb3-5cc4-08d7335e4155', NULL, NULL, 0, NULL, 1, 1, N'2eb36971-47e4-4ec5-bcee-21283b2388c7', 6, NULL, 0)
INSERT [dbo].[AppraisalParticipants] ([Id], [CreatedDate], [CreatedBy], [UpdatedDate], [UpdatedBy], [IsDeleted], [GeneralComment], [IsMain], [RoleId], [UserId], [AppraisalId], [DueDate], [IsInvited]) VALUES (11, CAST(N'2019-09-13T19:36:51.5470000' AS DateTime2), N'bb85ba03-ec5d-4cb3-5cc4-08d7335e4155', NULL, NULL, 0, NULL, 1, 2, N'dc0b85c4-9e66-44e3-e098-08d734ea4fbd', 6, NULL, 0)
INSERT [dbo].[AppraisalParticipants] ([Id], [CreatedDate], [CreatedBy], [UpdatedDate], [UpdatedBy], [IsDeleted], [GeneralComment], [IsMain], [RoleId], [UserId], [AppraisalId], [DueDate], [IsInvited]) VALUES (12, CAST(N'2019-09-13T19:36:51.5470000' AS DateTime2), N'bb85ba03-ec5d-4cb3-5cc4-08d7335e4155', NULL, NULL, 0, NULL, 1, 3, N'dc0b85c4-9e66-44e3-e098-08d734ea4fbd', 6, NULL, 0)
INSERT [dbo].[AppraisalParticipants] ([Id], [CreatedDate], [CreatedBy], [UpdatedDate], [UpdatedBy], [IsDeleted], [GeneralComment], [IsMain], [RoleId], [UserId], [AppraisalId], [DueDate], [IsInvited]) VALUES (15, CAST(N'2019-09-13T19:36:51.5470000' AS DateTime2), N'bb85ba03-ec5d-4cb3-5cc4-08d7335e4155', NULL, NULL, 0, NULL, 0, 1, N'f18372b1-6aa7-404f-e0b3-08d734ea4fbd', 6, NULL, 0)
INSERT [dbo].[AppraisalParticipants] ([Id], [CreatedDate], [CreatedBy], [UpdatedDate], [UpdatedBy], [IsDeleted], [GeneralComment], [IsMain], [RoleId], [UserId], [AppraisalId], [DueDate], [IsInvited]) VALUES (16, CAST(N'2019-09-13T19:36:51.5470000' AS DateTime2), N'bb85ba03-ec5d-4cb3-5cc4-08d7335e4155', NULL, NULL, 0, NULL, 0, 1, N'e3235fc4-3834-4264-e0b1-08d734ea4fbd', 6, NULL, 0)
INSERT [dbo].[AppraisalParticipants] ([Id], [CreatedDate], [CreatedBy], [UpdatedDate], [UpdatedBy], [IsDeleted], [GeneralComment], [IsMain], [RoleId], [UserId], [AppraisalId], [DueDate], [IsInvited]) VALUES (17, CAST(N'2019-09-13T19:36:51.5470000' AS DateTime2), N'bb85ba03-ec5d-4cb3-5cc4-08d7335e4155', NULL, NULL, 0, N'để coi cái nfyaf sao', 1, 7, N'2eb36971-47e4-4ec5-bcee-21283b2388c7', 7, NULL, 0)
INSERT [dbo].[AppraisalParticipants] ([Id], [CreatedDate], [CreatedBy], [UpdatedDate], [UpdatedBy], [IsDeleted], [GeneralComment], [IsMain], [RoleId], [UserId], [AppraisalId], [DueDate], [IsInvited]) VALUES (18, CAST(N'2019-09-13T19:36:51.5470000' AS DateTime2), N'bb85ba03-ec5d-4cb3-5cc4-08d7335e4155', NULL, NULL, 0, NULL, 1, 1, N'f82a76e0-6ee0-4d0d-9a4d-eabdc392e3cb', 7, NULL, 0)
INSERT [dbo].[AppraisalParticipants] ([Id], [CreatedDate], [CreatedBy], [UpdatedDate], [UpdatedBy], [IsDeleted], [GeneralComment], [IsMain], [RoleId], [UserId], [AppraisalId], [DueDate], [IsInvited]) VALUES (19, CAST(N'2019-09-13T19:36:51.5470000' AS DateTime2), N'bb85ba03-ec5d-4cb3-5cc4-08d7335e4155', NULL, NULL, 0, NULL, 1, 2, N'dc0b85c4-9e66-44e3-e098-08d734ea4fbd', 7, NULL, 0)
INSERT [dbo].[AppraisalParticipants] ([Id], [CreatedDate], [CreatedBy], [UpdatedDate], [UpdatedBy], [IsDeleted], [GeneralComment], [IsMain], [RoleId], [UserId], [AppraisalId], [DueDate], [IsInvited]) VALUES (20, CAST(N'2019-09-13T19:36:51.5470000' AS DateTime2), N'bb85ba03-ec5d-4cb3-5cc4-08d7335e4155', NULL, NULL, 0, NULL, 1, 3, N'dc0b85c4-9e66-44e3-e098-08d734ea4fbd', 7, NULL, 0)
INSERT [dbo].[AppraisalParticipants] ([Id], [CreatedDate], [CreatedBy], [UpdatedDate], [UpdatedBy], [IsDeleted], [GeneralComment], [IsMain], [RoleId], [UserId], [AppraisalId], [DueDate], [IsInvited]) VALUES (21, CAST(N'2019-09-13T19:36:51.5470000' AS DateTime2), N'bb85ba03-ec5d-4cb3-5cc4-08d7335e4155', NULL, NULL, 0, NULL, 0, 1, N'f18372b1-6aa7-404f-e0b3-08d734ea4fbd', 7, NULL, 0)
INSERT [dbo].[AppraisalParticipants] ([Id], [CreatedDate], [CreatedBy], [UpdatedDate], [UpdatedBy], [IsDeleted], [GeneralComment], [IsMain], [RoleId], [UserId], [AppraisalId], [DueDate], [IsInvited]) VALUES (22, CAST(N'2019-09-13T19:36:51.5470000' AS DateTime2), N'bb85ba03-ec5d-4cb3-5cc4-08d7335e4155', NULL, NULL, 0, NULL, 0, 1, N'e3235fc4-3834-4264-e0b1-08d734ea4fbd', 7, NULL, 0)
SET IDENTITY_INSERT [dbo].[AppraisalParticipants] OFF
INSERT [dbo].[Stages] ([Id], [Name], [Description], [Days]) VALUES (1, N'Self rating', NULL, 3)
INSERT [dbo].[Stages] ([Id], [Name], [Description], [Days]) VALUES (2, N'TL review', NULL, 6)
INSERT [dbo].[Stages] ([Id], [Name], [Description], [Days]) VALUES (3, N'PM review', NULL, 6)
INSERT [dbo].[Stages] ([Id], [Name], [Description], [Days]) VALUES (4, N'DM review ', NULL, 3)
INSERT [dbo].[Stages] ([Id], [Name], [Description], [Days]) VALUES (5, N'HR consolidate', NULL, 7)
INSERT [dbo].[Stages] ([Id], [Name], [Description], [Days]) VALUES (6, N'CEO', NULL, 3)
INSERT [dbo].[Stages] ([Id], [Name], [Description], [Days]) VALUES (7, N'Sharing', NULL, 10)
INSERT [dbo].[Stages] ([Id], [Name], [Description], [Days]) VALUES (8, N'Employee Sign-off', NULL, 5)
INSERT [dbo].[ReviewTimelines] ([AppraisalId], [StageId], [FromDate], [ToDate], [Active]) VALUES (2, 1, CAST(N'2019-09-12T19:36:51.5470000' AS DateTime2), CAST(N'2019-09-13T19:36:51.5470000' AS DateTime2), 0)
INSERT [dbo].[ReviewTimelines] ([AppraisalId], [StageId], [FromDate], [ToDate], [Active]) VALUES (2, 2, CAST(N'2019-09-13T19:36:51.5470000' AS DateTime2), CAST(N'2019-09-16T19:36:51.5470000' AS DateTime2), 1)
INSERT [dbo].[ReviewTimelines] ([AppraisalId], [StageId], [FromDate], [ToDate], [Active]) VALUES (2, 3, CAST(N'2019-09-14T19:36:51.5470000' AS DateTime2), CAST(N'2019-09-15T19:36:51.5470000' AS DateTime2), 0)
INSERT [dbo].[ReviewTimelines] ([AppraisalId], [StageId], [FromDate], [ToDate], [Active]) VALUES (2, 4, CAST(N'2019-09-15T19:36:51.5470000' AS DateTime2), CAST(N'2019-09-16T19:36:51.5470000' AS DateTime2), 0)
INSERT [dbo].[ReviewTimelines] ([AppraisalId], [StageId], [FromDate], [ToDate], [Active]) VALUES (2, 5, CAST(N'2019-09-16T19:36:51.5470000' AS DateTime2), CAST(N'2019-09-17T19:36:51.5470000' AS DateTime2), 0)
INSERT [dbo].[ReviewTimelines] ([AppraisalId], [StageId], [FromDate], [ToDate], [Active]) VALUES (2, 6, CAST(N'2019-09-16T19:36:51.5470000' AS DateTime2), CAST(N'2019-09-17T19:36:51.5470000' AS DateTime2), 0)
INSERT [dbo].[ReviewTimelines] ([AppraisalId], [StageId], [FromDate], [ToDate], [Active]) VALUES (2, 7, CAST(N'2019-09-16T19:36:51.5470000' AS DateTime2), CAST(N'2019-09-17T19:36:51.5470000' AS DateTime2), 0)
INSERT [dbo].[ReviewTimelines] ([AppraisalId], [StageId], [FromDate], [ToDate], [Active]) VALUES (2, 8, CAST(N'2019-09-16T19:36:51.5470000' AS DateTime2), CAST(N'2019-09-17T19:36:51.5470000' AS DateTime2), 0)
INSERT [dbo].[ReviewTimelines] ([AppraisalId], [StageId], [FromDate], [ToDate], [Active]) VALUES (3, 1, CAST(N'2019-09-12T19:36:51.5470000' AS DateTime2), CAST(N'2019-09-13T19:36:51.5470000' AS DateTime2), 1)
INSERT [dbo].[ReviewTimelines] ([AppraisalId], [StageId], [FromDate], [ToDate], [Active]) VALUES (3, 2, CAST(N'2019-09-13T19:36:51.5470000' AS DateTime2), CAST(N'2019-09-14T19:36:51.5470000' AS DateTime2), 1)
INSERT [dbo].[ReviewTimelines] ([AppraisalId], [StageId], [FromDate], [ToDate], [Active]) VALUES (3, 3, CAST(N'2019-09-14T19:36:51.5470000' AS DateTime2), CAST(N'2019-09-15T19:36:51.5470000' AS DateTime2), 0)
INSERT [dbo].[ReviewTimelines] ([AppraisalId], [StageId], [FromDate], [ToDate], [Active]) VALUES (3, 4, CAST(N'2019-09-14T19:36:51.5470000' AS DateTime2), CAST(N'2019-09-15T19:36:51.5470000' AS DateTime2), 0)
INSERT [dbo].[ReviewTimelines] ([AppraisalId], [StageId], [FromDate], [ToDate], [Active]) VALUES (3, 5, CAST(N'2019-09-14T19:36:51.5470000' AS DateTime2), CAST(N'2019-09-15T19:36:51.5470000' AS DateTime2), 0)
INSERT [dbo].[ReviewTimelines] ([AppraisalId], [StageId], [FromDate], [ToDate], [Active]) VALUES (3, 6, CAST(N'2019-09-14T19:36:51.5470000' AS DateTime2), CAST(N'2019-09-15T19:36:51.5470000' AS DateTime2), 0)
INSERT [dbo].[ReviewTimelines] ([AppraisalId], [StageId], [FromDate], [ToDate], [Active]) VALUES (3, 7, CAST(N'2019-09-14T19:36:51.5470000' AS DateTime2), CAST(N'2019-09-15T19:36:51.5470000' AS DateTime2), 0)
INSERT [dbo].[ReviewTimelines] ([AppraisalId], [StageId], [FromDate], [ToDate], [Active]) VALUES (3, 8, CAST(N'2019-09-14T19:36:51.5470000' AS DateTime2), CAST(N'2019-09-15T19:36:51.5470000' AS DateTime2), 0)
INSERT [dbo].[ReviewTimelines] ([AppraisalId], [StageId], [FromDate], [ToDate], [Active]) VALUES (7, 1, CAST(N'2019-09-16T16:57:10.0500000' AS DateTime2), CAST(N'2019-09-20T16:57:10.0500000' AS DateTime2), 0)
INSERT [dbo].[ReviewTimelines] ([AppraisalId], [StageId], [FromDate], [ToDate], [Active]) VALUES (7, 2, CAST(N'2019-09-17T16:57:10.0500000' AS DateTime2), CAST(N'2019-09-25T16:57:10.0500000' AS DateTime2), 1)
INSERT [dbo].[ReviewTimelines] ([AppraisalId], [StageId], [FromDate], [ToDate], [Active]) VALUES (7, 3, CAST(N'2019-09-25T16:57:10.0500000' AS DateTime2), CAST(N'2019-09-30T19:36:51.5470000' AS DateTime2), 0)
INSERT [dbo].[ReviewTimelines] ([AppraisalId], [StageId], [FromDate], [ToDate], [Active]) VALUES (7, 4, CAST(N'2019-09-30T19:36:51.5470000' AS DateTime2), CAST(N'2019-10-01T19:36:51.5470000' AS DateTime2), 0)
INSERT [dbo].[ReviewTimelines] ([AppraisalId], [StageId], [FromDate], [ToDate], [Active]) VALUES (7, 5, CAST(N'2019-10-01T19:36:51.5470000' AS DateTime2), CAST(N'2019-10-05T19:36:51.5470000' AS DateTime2), 0)
INSERT [dbo].[ReviewTimelines] ([AppraisalId], [StageId], [FromDate], [ToDate], [Active]) VALUES (7, 6, CAST(N'2019-10-05T19:36:51.5470000' AS DateTime2), CAST(N'2019-10-10T19:36:51.5470000' AS DateTime2), 0)
INSERT [dbo].[ReviewTimelines] ([AppraisalId], [StageId], [FromDate], [ToDate], [Active]) VALUES (7, 7, CAST(N'2019-10-10T19:36:51.5470000' AS DateTime2), CAST(N'2019-10-15T19:36:51.5470000' AS DateTime2), 0)
INSERT [dbo].[ReviewTimelines] ([AppraisalId], [StageId], [FromDate], [ToDate], [Active]) VALUES (7, 8, CAST(N'2019-10-15T19:36:51.5470000' AS DateTime2), CAST(N'2019-10-20T19:36:51.5470000' AS DateTime2), 0)
SET IDENTITY_INSERT [dbo].[Projects] ON 

INSERT [dbo].[Projects] ([Id], [CreatedDate], [CreatedBy], [UpdatedDate], [UpdatedBy], [IsDeleted], [Name], [Abbre], [TeamId]) VALUES (1, CAST(N'0001-01-01T00:00:00.0000000' AS DateTime2), NULL, NULL, NULL, 0, N'General - SUP', N'PRJSUP', 6)
INSERT [dbo].[Projects] ([Id], [CreatedDate], [CreatedBy], [UpdatedDate], [UpdatedBy], [IsDeleted], [Name], [Abbre], [TeamId]) VALUES (2, CAST(N'0001-01-01T00:00:00.0000000' AS DateTime2), NULL, NULL, NULL, 0, N'General - Adj', N'PRJADJ', 5)
INSERT [dbo].[Projects] ([Id], [CreatedDate], [CreatedBy], [UpdatedDate], [UpdatedBy], [IsDeleted], [Name], [Abbre], [TeamId]) VALUES (3, CAST(N'0001-01-01T00:00:00.0000000' AS DateTime2), NULL, NULL, NULL, 0, N'General - LOG', N'PRJLOG', 1)
INSERT [dbo].[Projects] ([Id], [CreatedDate], [CreatedBy], [UpdatedDate], [UpdatedBy], [IsDeleted], [Name], [Abbre], [TeamId]) VALUES (4, CAST(N'0001-01-01T00:00:00.0000000' AS DateTime2), NULL, NULL, NULL, 0, N'General - App', N'PRJAPP', 2)
INSERT [dbo].[Projects] ([Id], [CreatedDate], [CreatedBy], [UpdatedDate], [UpdatedBy], [IsDeleted], [Name], [Abbre], [TeamId]) VALUES (5, CAST(N'0001-01-01T00:00:00.0000000' AS DateTime2), NULL, NULL, NULL, 0, N'General - Amb', N'PRJAMB', 3)
INSERT [dbo].[Projects] ([Id], [CreatedDate], [CreatedBy], [UpdatedDate], [UpdatedBy], [IsDeleted], [Name], [Abbre], [TeamId]) VALUES (6, CAST(N'0001-01-01T00:00:00.0000000' AS DateTime2), NULL, NULL, NULL, 0, N'General - F4', N'PRJF4', 4)
SET IDENTITY_INSERT [dbo].[Projects] OFF
SET IDENTITY_INSERT [dbo].[Goals] ON 

INSERT [dbo].[Goals] ([Id], [CreatedDate], [CreatedBy], [UpdatedDate], [UpdatedBy], [IsDeleted], [NextGoals], [UserId], [LastGoals]) VALUES (1, CAST(N'2019-09-13T19:36:51.5470000' AS DateTime2), N'bb85ba03-ec5d-4cb3-5cc4-08d7335e4155', NULL, NULL, 0, N'["jquery","javascript"]', N'1e9b6da8-edf1-4915-e09b-08d734ea4fbd', N'[".net","angular"]')
INSERT [dbo].[Goals] ([Id], [CreatedDate], [CreatedBy], [UpdatedDate], [UpdatedBy], [IsDeleted], [NextGoals], [UserId], [LastGoals]) VALUES (2, CAST(N'2019-09-13T19:36:51.5470000' AS DateTime2), N'bb85ba03-ec5d-4cb3-5cc4-08d7335e4155', NULL, NULL, 0, N'["jquery","javascript"]', N'1e9b6da8-edf1-4915-e09b-08d734ea4fbd', N'[".net","angular"]')
INSERT [dbo].[Goals] ([Id], [CreatedDate], [CreatedBy], [UpdatedDate], [UpdatedBy], [IsDeleted], [NextGoals], [UserId], [LastGoals]) VALUES (3, CAST(N'2019-09-13T19:36:51.5470000' AS DateTime2), N'bb85ba03-ec5d-4cb3-5cc4-08d7335e4155', NULL, NULL, 0, N'["jquery","javascript"]', N'1e9b6da8-edf1-4915-e09b-08d734ea4fbd', N'[".net","angular"]')
INSERT [dbo].[Goals] ([Id], [CreatedDate], [CreatedBy], [UpdatedDate], [UpdatedBy], [IsDeleted], [NextGoals], [UserId], [LastGoals]) VALUES (7, CAST(N'2019-09-17T15:05:38.1351334' AS DateTime2), N'2eb36971-47e4-4ec5-bcee-21283b2388c7', NULL, NULL, 0, N'["áda"]', N'2eb36971-47e4-4ec5-bcee-21283b2388c7', N'["vẹhf"]')
INSERT [dbo].[Goals] ([Id], [CreatedDate], [CreatedBy], [UpdatedDate], [UpdatedBy], [IsDeleted], [NextGoals], [UserId], [LastGoals]) VALUES (8, CAST(N'2019-09-17T16:53:34.2093320' AS DateTime2), N'2eb36971-47e4-4ec5-bcee-21283b2388c7', NULL, NULL, 0, N'["a"]', N'2eb36971-47e4-4ec5-bcee-21283b2388c7', N'["a"]')
SET IDENTITY_INSERT [dbo].[Goals] OFF
SET IDENTITY_INSERT [dbo].[Objectives] ON 

INSERT [dbo].[Objectives] ([Id], [CreatedDate], [CreatedBy], [UpdatedDate], [UpdatedBy], [IsDeleted], [NextObjectives], [Plan], [TlComment], [PmComment], [UserId], [LastObjectives]) VALUES (1, CAST(N'2019-09-14T15:01:53.7770000' AS DateTime2), N'25863d46-24b7-43f7-abe0-f85a01c97198', NULL, NULL, 0, N'Lorem ipsum dolor amet, consectetur adipiscing elit augue diam, accumsan ipsum dolor sit amet, consectetur adipiscing.', N'Lorem ipsum dolor amet, consectetur adipiscing elit augue diam, accumsan ipsum dolor sit amet, consectetur adipiscing.', N'Lorem ipsum dolor amet, consectetur adipiscing elit augue diam, accumsan ipsum dolor sit amet, consectetur adipiscing.', N'Lorem ipsum dolor amet, consectetur adipiscing elit augue diam, accumsan ipsum dolor sit amet, consectetur adipiscing.', N'1e9b6da8-edf1-4915-e09b-08d734ea4fbd', N'Lorem ipsum dolor amet, consectetur adipiscing elit augue diam, accumsan ipsum dolor sit amet, consectetur adipiscing.')
INSERT [dbo].[Objectives] ([Id], [CreatedDate], [CreatedBy], [UpdatedDate], [UpdatedBy], [IsDeleted], [NextObjectives], [Plan], [TlComment], [PmComment], [UserId], [LastObjectives]) VALUES (2, CAST(N'2019-09-14T15:01:53.7770000' AS DateTime2), N'25863d46-24b7-43f7-abe0-f85a01c97198', NULL, NULL, 0, N'Lorem ipsum dolor amet, consectetur adipiscing elit augue diam, accumsan ipsum dolor sit amet, consectetur adipiscing.', N'Lorem ipsum dolor amet, consectetur adipiscing elit augue diam, accumsan ipsum dolor sit amet, consectetur adipiscing.', N'Lorem ipsum dolor amet, consectetur adipiscing elit augue diam, accumsan ipsum dolor sit amet, consectetur adipiscing.', N'Lorem ipsum dolor amet, consectetur adipiscing elit augue diam, accumsan ipsum dolor sit amet, consectetur adipiscing.', N'1e9b6da8-edf1-4915-e09b-08d734ea4fbd', N'Lorem ipsum dolor amet, consectetur adipiscing elit augue diam, accumsan ipsum dolor sit amet, consectetur adipiscing.')
INSERT [dbo].[Objectives] ([Id], [CreatedDate], [CreatedBy], [UpdatedDate], [UpdatedBy], [IsDeleted], [NextObjectives], [Plan], [TlComment], [PmComment], [UserId], [LastObjectives]) VALUES (3, CAST(N'2019-09-14T15:01:53.7770000' AS DateTime2), N'25863d46-24b7-43f7-abe0-f85a01c97198', NULL, NULL, 0, N'Lorem ipsum dolor amet, consectetur adipiscing elit augue diam, accumsan ipsum dolor sit amet, consectetur adipiscing.', N'Lorem ipsum dolor amet, consectetur adipiscing elit augue diam, accumsan ipsum dolor sit amet, consectetur adipiscing.', N'Lorem ipsum dolor amet, consectetur adipiscing elit augue diam, accumsan ipsum dolor sit amet, consectetur adipiscing.', N'Lorem ipsum dolor amet, consectetur adipiscing elit augue diam, accumsan ipsum dolor sit amet, consectetur adipiscing.', N'1e9b6da8-edf1-4915-e09b-08d734ea4fbd', N'Lorem ipsum dolor amet, consectetur adipiscing elit augue diam, accumsan ipsum dolor sit amet, consectetur adipiscing.')
INSERT [dbo].[Objectives] ([Id], [CreatedDate], [CreatedBy], [UpdatedDate], [UpdatedBy], [IsDeleted], [NextObjectives], [Plan], [TlComment], [PmComment], [UserId], [LastObjectives]) VALUES (4, CAST(N'2019-09-14T15:01:53.7770000' AS DateTime2), N'25863d46-24b7-43f7-abe0-f85a01c97198', NULL, NULL, 0, N'Lorem ipsum dolor amet, consectetur adipiscing elit augue diam, accumsan ipsum dolor sit amet, consectetur adipiscing.', N'Lorem ipsum dolor amet, consectetur adipiscing elit augue diam, accumsan ipsum dolor sit amet, consectetur adipiscing.', N'', N'', N'1e9b6da8-edf1-4915-e09b-08d734ea4fbd', N'Lorem ipsum dolor amet, consectetur adipiscing elit augue diam, accumsan ipsum dolor sit amet, consectetur adipiscing.')
INSERT [dbo].[Objectives] ([Id], [CreatedDate], [CreatedBy], [UpdatedDate], [UpdatedBy], [IsDeleted], [NextObjectives], [Plan], [TlComment], [PmComment], [UserId], [LastObjectives]) VALUES (9, CAST(N'2019-09-17T15:05:37.2079191' AS DateTime2), N'00000000-0000-0000-0000-000000000000', NULL, NULL, 0, N'ádasd', N'saddasd', NULL, NULL, N'2eb36971-47e4-4ec5-bcee-21283b2388c7', N'ádad')
INSERT [dbo].[Objectives] ([Id], [CreatedDate], [CreatedBy], [UpdatedDate], [UpdatedBy], [IsDeleted], [NextObjectives], [Plan], [TlComment], [PmComment], [UserId], [LastObjectives]) VALUES (10, CAST(N'2019-09-17T16:53:32.7597662' AS DateTime2), N'00000000-0000-0000-0000-000000000000', NULL, NULL, 0, N'a', N'a', NULL, NULL, N'2eb36971-47e4-4ec5-bcee-21283b2388c7', N'a')
INSERT [dbo].[Objectives] ([Id], [CreatedDate], [CreatedBy], [UpdatedDate], [UpdatedBy], [IsDeleted], [NextObjectives], [Plan], [TlComment], [PmComment], [UserId], [LastObjectives]) VALUES (11, CAST(N'2019-09-17T18:07:15.6166182' AS DateTime2), N'00000000-0000-0000-0000-000000000000', NULL, NULL, 0, N'a', N'a', NULL, NULL, N'2eb36971-47e4-4ec5-bcee-21283b2388c7', N'a')
SET IDENTITY_INSERT [dbo].[Objectives] OFF
INSERT [dbo].[EmployeeProjects] ([ProjectId], [UserId], [JoiningDate]) VALUES (5, N'4fa47d5e-d42c-4a6b-5ca6-08d7335e4155', CAST(N'0001-01-01T00:00:00.0000000' AS DateTime2))
INSERT [dbo].[EmployeeProjects] ([ProjectId], [UserId], [JoiningDate]) VALUES (4, N'41a6c5ba-998a-40fd-5ca7-08d7335e4155', CAST(N'0001-01-01T00:00:00.0000000' AS DateTime2))
INSERT [dbo].[EmployeeProjects] ([ProjectId], [UserId], [JoiningDate]) VALUES (4, N'feb94bbe-07cc-4f7d-5ca8-08d7335e4155', CAST(N'0001-01-01T00:00:00.0000000' AS DateTime2))
INSERT [dbo].[EmployeeProjects] ([ProjectId], [UserId], [JoiningDate]) VALUES (6, N'f72ddaa3-aa83-42c1-5ca9-08d7335e4155', CAST(N'0001-01-01T00:00:00.0000000' AS DateTime2))
INSERT [dbo].[EmployeeProjects] ([ProjectId], [UserId], [JoiningDate]) VALUES (5, N'd1904d5b-2c26-4ae6-5caa-08d7335e4155', CAST(N'0001-01-01T00:00:00.0000000' AS DateTime2))
INSERT [dbo].[EmployeeProjects] ([ProjectId], [UserId], [JoiningDate]) VALUES (5, N'1685c045-0761-4ed2-5cab-08d7335e4155', CAST(N'0001-01-01T00:00:00.0000000' AS DateTime2))
INSERT [dbo].[EmployeeProjects] ([ProjectId], [UserId], [JoiningDate]) VALUES (5, N'f056f119-3916-48ca-5cac-08d7335e4155', CAST(N'0001-01-01T00:00:00.0000000' AS DateTime2))
INSERT [dbo].[EmployeeProjects] ([ProjectId], [UserId], [JoiningDate]) VALUES (6, N'dc41b90e-066c-4199-5cad-08d7335e4155', CAST(N'0001-01-01T00:00:00.0000000' AS DateTime2))
INSERT [dbo].[EmployeeProjects] ([ProjectId], [UserId], [JoiningDate]) VALUES (3, N'e34c26c0-3c1a-49e7-5cae-08d7335e4155', CAST(N'0001-01-01T00:00:00.0000000' AS DateTime2))
INSERT [dbo].[EmployeeProjects] ([ProjectId], [UserId], [JoiningDate]) VALUES (5, N'4680d8ad-b3aa-475b-5caf-08d7335e4155', CAST(N'0001-01-01T00:00:00.0000000' AS DateTime2))
INSERT [dbo].[EmployeeProjects] ([ProjectId], [UserId], [JoiningDate]) VALUES (5, N'847e4e39-614b-49c8-5cb0-08d7335e4155', CAST(N'0001-01-01T00:00:00.0000000' AS DateTime2))
INSERT [dbo].[EmployeeProjects] ([ProjectId], [UserId], [JoiningDate]) VALUES (5, N'6c7ade42-3438-4dd3-5cb1-08d7335e4155', CAST(N'0001-01-01T00:00:00.0000000' AS DateTime2))
INSERT [dbo].[EmployeeProjects] ([ProjectId], [UserId], [JoiningDate]) VALUES (5, N'c57242fd-1c13-48cc-5cb2-08d7335e4155', CAST(N'0001-01-01T00:00:00.0000000' AS DateTime2))
INSERT [dbo].[EmployeeProjects] ([ProjectId], [UserId], [JoiningDate]) VALUES (5, N'66cc5c26-5ff1-4063-5cb3-08d7335e4155', CAST(N'0001-01-01T00:00:00.0000000' AS DateTime2))
INSERT [dbo].[EmployeeProjects] ([ProjectId], [UserId], [JoiningDate]) VALUES (5, N'3b92032e-f929-4615-5cb4-08d7335e4155', CAST(N'0001-01-01T00:00:00.0000000' AS DateTime2))
INSERT [dbo].[EmployeeProjects] ([ProjectId], [UserId], [JoiningDate]) VALUES (5, N'b489c021-04fe-4f50-5cb5-08d7335e4155', CAST(N'0001-01-01T00:00:00.0000000' AS DateTime2))
INSERT [dbo].[EmployeeProjects] ([ProjectId], [UserId], [JoiningDate]) VALUES (4, N'9c66c46b-697e-42bd-5cb6-08d7335e4155', CAST(N'0001-01-01T00:00:00.0000000' AS DateTime2))
INSERT [dbo].[EmployeeProjects] ([ProjectId], [UserId], [JoiningDate]) VALUES (6, N'16773281-6249-41c6-5cb7-08d7335e4155', CAST(N'0001-01-01T00:00:00.0000000' AS DateTime2))
INSERT [dbo].[EmployeeProjects] ([ProjectId], [UserId], [JoiningDate]) VALUES (5, N'a23b8f77-48b1-49fa-5cb8-08d7335e4155', CAST(N'0001-01-01T00:00:00.0000000' AS DateTime2))
INSERT [dbo].[EmployeeProjects] ([ProjectId], [UserId], [JoiningDate]) VALUES (5, N'9b5dd050-0087-429e-5cb9-08d7335e4155', CAST(N'0001-01-01T00:00:00.0000000' AS DateTime2))
INSERT [dbo].[EmployeeProjects] ([ProjectId], [UserId], [JoiningDate]) VALUES (5, N'1616e4bc-89e9-4ec7-5cba-08d7335e4155', CAST(N'0001-01-01T00:00:00.0000000' AS DateTime2))
INSERT [dbo].[EmployeeProjects] ([ProjectId], [UserId], [JoiningDate]) VALUES (5, N'd30c9dc0-6d92-4636-5cbb-08d7335e4155', CAST(N'0001-01-01T00:00:00.0000000' AS DateTime2))
INSERT [dbo].[EmployeeProjects] ([ProjectId], [UserId], [JoiningDate]) VALUES (5, N'3201bd9a-39f4-408c-5cbc-08d7335e4155', CAST(N'0001-01-01T00:00:00.0000000' AS DateTime2))
INSERT [dbo].[EmployeeProjects] ([ProjectId], [UserId], [JoiningDate]) VALUES (5, N'633ca765-bc41-4ea8-5cbd-08d7335e4155', CAST(N'0001-01-01T00:00:00.0000000' AS DateTime2))
INSERT [dbo].[EmployeeProjects] ([ProjectId], [UserId], [JoiningDate]) VALUES (5, N'828a0552-e7c7-4f14-5cbe-08d7335e4155', CAST(N'0001-01-01T00:00:00.0000000' AS DateTime2))
INSERT [dbo].[EmployeeProjects] ([ProjectId], [UserId], [JoiningDate]) VALUES (5, N'fd8b57e9-b8a7-48e4-5cbf-08d7335e4155', CAST(N'0001-01-01T00:00:00.0000000' AS DateTime2))
INSERT [dbo].[EmployeeProjects] ([ProjectId], [UserId], [JoiningDate]) VALUES (5, N'b0e23056-2e67-4035-5cc0-08d7335e4155', CAST(N'0001-01-01T00:00:00.0000000' AS DateTime2))
INSERT [dbo].[EmployeeProjects] ([ProjectId], [UserId], [JoiningDate]) VALUES (5, N'1caa053b-7317-4c2c-5cc1-08d7335e4155', CAST(N'0001-01-01T00:00:00.0000000' AS DateTime2))
INSERT [dbo].[EmployeeProjects] ([ProjectId], [UserId], [JoiningDate]) VALUES (3, N'1a168512-cac3-405b-5cc2-08d7335e4155', CAST(N'0001-01-01T00:00:00.0000000' AS DateTime2))
INSERT [dbo].[EmployeeProjects] ([ProjectId], [UserId], [JoiningDate]) VALUES (5, N'bba782bb-1704-4c0c-5cc3-08d7335e4155', CAST(N'0001-01-01T00:00:00.0000000' AS DateTime2))
INSERT [dbo].[EmployeeProjects] ([ProjectId], [UserId], [JoiningDate]) VALUES (1, N'bb85ba03-ec5d-4cb3-5cc4-08d7335e4155', CAST(N'0001-01-01T00:00:00.0000000' AS DateTime2))
INSERT [dbo].[EmployeeProjects] ([ProjectId], [UserId], [JoiningDate]) VALUES (1, N'350a980b-62be-49a6-5cc5-08d7335e4155', CAST(N'0001-01-01T00:00:00.0000000' AS DateTime2))
INSERT [dbo].[EmployeeProjects] ([ProjectId], [UserId], [JoiningDate]) VALUES (1, N'9a858647-e7b6-4deb-5cc6-08d7335e4155', CAST(N'0001-01-01T00:00:00.0000000' AS DateTime2))
INSERT [dbo].[EmployeeProjects] ([ProjectId], [UserId], [JoiningDate]) VALUES (1, N'6d8c4fe0-255e-492b-5cc7-08d7335e4155', CAST(N'0001-01-01T00:00:00.0000000' AS DateTime2))
INSERT [dbo].[EmployeeProjects] ([ProjectId], [UserId], [JoiningDate]) VALUES (1, N'8bc39077-4571-4a51-5cc8-08d7335e4155', CAST(N'0001-01-01T00:00:00.0000000' AS DateTime2))
INSERT [dbo].[EmployeeProjects] ([ProjectId], [UserId], [JoiningDate]) VALUES (6, N'505454d7-95df-4f89-5cc9-08d7335e4155', CAST(N'0001-01-01T00:00:00.0000000' AS DateTime2))
INSERT [dbo].[EmployeeProjects] ([ProjectId], [UserId], [JoiningDate]) VALUES (4, N'a204718c-6ed2-46d1-5cca-08d7335e4155', CAST(N'0001-01-01T00:00:00.0000000' AS DateTime2))
INSERT [dbo].[EmployeeProjects] ([ProjectId], [UserId], [JoiningDate]) VALUES (4, N'd31d02d1-a154-4a69-5ccb-08d7335e4155', CAST(N'0001-01-01T00:00:00.0000000' AS DateTime2))
INSERT [dbo].[EmployeeProjects] ([ProjectId], [UserId], [JoiningDate]) VALUES (4, N'044d0cd8-b919-4e51-5ccc-08d7335e4155', CAST(N'0001-01-01T00:00:00.0000000' AS DateTime2))
INSERT [dbo].[EmployeeProjects] ([ProjectId], [UserId], [JoiningDate]) VALUES (5, N'86c05f68-ef5e-4ae0-5ccd-08d7335e4155', CAST(N'0001-01-01T00:00:00.0000000' AS DateTime2))
INSERT [dbo].[EmployeeProjects] ([ProjectId], [UserId], [JoiningDate]) VALUES (3, N'cedc0eb2-9450-4842-5cce-08d7335e4155', CAST(N'0001-01-01T00:00:00.0000000' AS DateTime2))
INSERT [dbo].[EmployeeProjects] ([ProjectId], [UserId], [JoiningDate]) VALUES (4, N'000c1785-3af6-4e24-5ccf-08d7335e4155', CAST(N'0001-01-01T00:00:00.0000000' AS DateTime2))
INSERT [dbo].[EmployeeProjects] ([ProjectId], [UserId], [JoiningDate]) VALUES (5, N'61e42a6c-d6c3-4e7a-5cd0-08d7335e4155', CAST(N'0001-01-01T00:00:00.0000000' AS DateTime2))
INSERT [dbo].[EmployeeProjects] ([ProjectId], [UserId], [JoiningDate]) VALUES (3, N'fdccc4f4-8d03-4880-5cd1-08d7335e4155', CAST(N'0001-01-01T00:00:00.0000000' AS DateTime2))
INSERT [dbo].[EmployeeProjects] ([ProjectId], [UserId], [JoiningDate]) VALUES (5, N'89a0dcd8-5435-4979-5cd2-08d7335e4155', CAST(N'0001-01-01T00:00:00.0000000' AS DateTime2))
INSERT [dbo].[EmployeeProjects] ([ProjectId], [UserId], [JoiningDate]) VALUES (3, N'2c054ef8-03cd-4d06-5cd3-08d7335e4155', CAST(N'0001-01-01T00:00:00.0000000' AS DateTime2))
INSERT [dbo].[EmployeeProjects] ([ProjectId], [UserId], [JoiningDate]) VALUES (2, N'd5cb3f3d-23a7-41fb-5cd4-08d7335e4155', CAST(N'0001-01-01T00:00:00.0000000' AS DateTime2))
INSERT [dbo].[EmployeeProjects] ([ProjectId], [UserId], [JoiningDate]) VALUES (5, N'828d38b0-9222-4bf0-5cd5-08d7335e4155', CAST(N'0001-01-01T00:00:00.0000000' AS DateTime2))
INSERT [dbo].[EmployeeProjects] ([ProjectId], [UserId], [JoiningDate]) VALUES (5, N'7cc50ad3-4c7c-412b-5cd6-08d7335e4155', CAST(N'0001-01-01T00:00:00.0000000' AS DateTime2))
INSERT [dbo].[EmployeeProjects] ([ProjectId], [UserId], [JoiningDate]) VALUES (6, N'7733fdd3-bac5-4f87-5cd7-08d7335e4155', CAST(N'0001-01-01T00:00:00.0000000' AS DateTime2))
INSERT [dbo].[EmployeeProjects] ([ProjectId], [UserId], [JoiningDate]) VALUES (3, N'94aac2cc-9e09-4249-5cd8-08d7335e4155', CAST(N'0001-01-01T00:00:00.0000000' AS DateTime2))
INSERT [dbo].[EmployeeProjects] ([ProjectId], [UserId], [JoiningDate]) VALUES (4, N'cb130f7c-867a-47b4-5cd9-08d7335e4155', CAST(N'0001-01-01T00:00:00.0000000' AS DateTime2))
INSERT [dbo].[EmployeeProjects] ([ProjectId], [UserId], [JoiningDate]) VALUES (6, N'63800747-1110-468f-5cda-08d7335e4155', CAST(N'0001-01-01T00:00:00.0000000' AS DateTime2))
INSERT [dbo].[EmployeeProjects] ([ProjectId], [UserId], [JoiningDate]) VALUES (3, N'2044facd-d490-460a-5cdb-08d7335e4155', CAST(N'0001-01-01T00:00:00.0000000' AS DateTime2))
INSERT [dbo].[EmployeeProjects] ([ProjectId], [UserId], [JoiningDate]) VALUES (5, N'251bb43b-5baf-45bb-5cdc-08d7335e4155', CAST(N'0001-01-01T00:00:00.0000000' AS DateTime2))
INSERT [dbo].[EmployeeProjects] ([ProjectId], [UserId], [JoiningDate]) VALUES (6, N'c8ca48bf-4929-45e2-5cdd-08d7335e4155', CAST(N'0001-01-01T00:00:00.0000000' AS DateTime2))
INSERT [dbo].[EmployeeProjects] ([ProjectId], [UserId], [JoiningDate]) VALUES (5, N'9b86a75c-4717-477d-5cde-08d7335e4155', CAST(N'0001-01-01T00:00:00.0000000' AS DateTime2))
INSERT [dbo].[EmployeeProjects] ([ProjectId], [UserId], [JoiningDate]) VALUES (2, N'0634fb7c-3ac4-4d6d-5cdf-08d7335e4155', CAST(N'0001-01-01T00:00:00.0000000' AS DateTime2))
INSERT [dbo].[EmployeeProjects] ([ProjectId], [UserId], [JoiningDate]) VALUES (4, N'df3957fb-0da0-479d-5ce0-08d7335e4155', CAST(N'0001-01-01T00:00:00.0000000' AS DateTime2))
INSERT [dbo].[EmployeeProjects] ([ProjectId], [UserId], [JoiningDate]) VALUES (5, N'a64f44b8-d9df-4ab3-5ce1-08d7335e4155', CAST(N'0001-01-01T00:00:00.0000000' AS DateTime2))
INSERT [dbo].[EmployeeProjects] ([ProjectId], [UserId], [JoiningDate]) VALUES (2, N'85c14bbd-f3d7-464f-5ce2-08d7335e4155', CAST(N'0001-01-01T00:00:00.0000000' AS DateTime2))
INSERT [dbo].[EmployeeProjects] ([ProjectId], [UserId], [JoiningDate]) VALUES (2, N'188d6df9-ec56-4400-5ce3-08d7335e4155', CAST(N'0001-01-01T00:00:00.0000000' AS DateTime2))
INSERT [dbo].[EmployeeProjects] ([ProjectId], [UserId], [JoiningDate]) VALUES (3, N'06706188-f422-476d-5ce4-08d7335e4155', CAST(N'0001-01-01T00:00:00.0000000' AS DateTime2))
INSERT [dbo].[EmployeeProjects] ([ProjectId], [UserId], [JoiningDate]) VALUES (3, N'0882ee05-0246-4856-5ce5-08d7335e4155', CAST(N'0001-01-01T00:00:00.0000000' AS DateTime2))
INSERT [dbo].[EmployeeProjects] ([ProjectId], [UserId], [JoiningDate]) VALUES (3, N'a4aa696e-2315-4a32-5ce6-08d7335e4155', CAST(N'0001-01-01T00:00:00.0000000' AS DateTime2))
INSERT [dbo].[EmployeeProjects] ([ProjectId], [UserId], [JoiningDate]) VALUES (3, N'8b4baa78-41e2-4543-5ce7-08d7335e4155', CAST(N'0001-01-01T00:00:00.0000000' AS DateTime2))
INSERT [dbo].[EmployeeProjects] ([ProjectId], [UserId], [JoiningDate]) VALUES (5, N'9e9adaf5-0d3a-4c12-5ce8-08d7335e4155', CAST(N'0001-01-01T00:00:00.0000000' AS DateTime2))
INSERT [dbo].[EmployeeProjects] ([ProjectId], [UserId], [JoiningDate]) VALUES (3, N'ac6bbc31-104b-4d66-5ce9-08d7335e4155', CAST(N'0001-01-01T00:00:00.0000000' AS DateTime2))
INSERT [dbo].[EmployeeProjects] ([ProjectId], [UserId], [JoiningDate]) VALUES (5, N'eabb8ab3-a806-413a-5cea-08d7335e4155', CAST(N'0001-01-01T00:00:00.0000000' AS DateTime2))
INSERT [dbo].[EmployeeProjects] ([ProjectId], [UserId], [JoiningDate]) VALUES (4, N'491e8c4c-4c9c-4ab2-5ceb-08d7335e4155', CAST(N'0001-01-01T00:00:00.0000000' AS DateTime2))
INSERT [dbo].[EmployeeProjects] ([ProjectId], [UserId], [JoiningDate]) VALUES (2, N'f903afca-4c8e-4c60-5cec-08d7335e4155', CAST(N'0001-01-01T00:00:00.0000000' AS DateTime2))
INSERT [dbo].[EmployeeProjects] ([ProjectId], [UserId], [JoiningDate]) VALUES (2, N'797701c5-2d2a-498e-5ced-08d7335e4155', CAST(N'0001-01-01T00:00:00.0000000' AS DateTime2))
INSERT [dbo].[EmployeeProjects] ([ProjectId], [UserId], [JoiningDate]) VALUES (3, N'c67a6845-6e32-4655-5cee-08d7335e4155', CAST(N'0001-01-01T00:00:00.0000000' AS DateTime2))
INSERT [dbo].[EmployeeProjects] ([ProjectId], [UserId], [JoiningDate]) VALUES (1, N'c156b92f-a9c0-4cdc-5cef-08d7335e4155', CAST(N'0001-01-01T00:00:00.0000000' AS DateTime2))
INSERT [dbo].[EmployeeProjects] ([ProjectId], [UserId], [JoiningDate]) VALUES (1, N'5f2268aa-4a2e-4887-5cf0-08d7335e4155', CAST(N'0001-01-01T00:00:00.0000000' AS DateTime2))
INSERT [dbo].[EmployeeProjects] ([ProjectId], [UserId], [JoiningDate]) VALUES (3, N'e94c5e74-c611-4310-5cf1-08d7335e4155', CAST(N'0001-01-01T00:00:00.0000000' AS DateTime2))
INSERT [dbo].[EmployeeProjects] ([ProjectId], [UserId], [JoiningDate]) VALUES (2, N'3ba21f70-b03b-4be4-5cf2-08d7335e4155', CAST(N'0001-01-01T00:00:00.0000000' AS DateTime2))
INSERT [dbo].[EmployeeProjects] ([ProjectId], [UserId], [JoiningDate]) VALUES (2, N'38c6dc1d-b230-4923-5cf3-08d7335e4155', CAST(N'0001-01-01T00:00:00.0000000' AS DateTime2))
INSERT [dbo].[EmployeeProjects] ([ProjectId], [UserId], [JoiningDate]) VALUES (2, N'd5d86147-06c0-4dfe-5cf4-08d7335e4155', CAST(N'0001-01-01T00:00:00.0000000' AS DateTime2))
INSERT [dbo].[EmployeeProjects] ([ProjectId], [UserId], [JoiningDate]) VALUES (2, N'01e56cc8-6462-4ce8-5cf5-08d7335e4155', CAST(N'0001-01-01T00:00:00.0000000' AS DateTime2))
INSERT [dbo].[EmployeeProjects] ([ProjectId], [UserId], [JoiningDate]) VALUES (1, N'1e9bbd07-a983-43ed-5cf6-08d7335e4155', CAST(N'0001-01-01T00:00:00.0000000' AS DateTime2))
INSERT [dbo].[EmployeeProjects] ([ProjectId], [UserId], [JoiningDate]) VALUES (2, N'b4278d46-8fec-47dd-5cf7-08d7335e4155', CAST(N'0001-01-01T00:00:00.0000000' AS DateTime2))
INSERT [dbo].[EmployeeProjects] ([ProjectId], [UserId], [JoiningDate]) VALUES (3, N'438db27c-8063-4a00-5cf8-08d7335e4155', CAST(N'0001-01-01T00:00:00.0000000' AS DateTime2))
INSERT [dbo].[EmployeeProjects] ([ProjectId], [UserId], [JoiningDate]) VALUES (3, N'3e6b3ee1-9b63-42ee-5cf9-08d7335e4155', CAST(N'0001-01-01T00:00:00.0000000' AS DateTime2))
INSERT [dbo].[EmployeeProjects] ([ProjectId], [UserId], [JoiningDate]) VALUES (2, N'842568a0-5b72-4699-5cfa-08d7335e4155', CAST(N'0001-01-01T00:00:00.0000000' AS DateTime2))
INSERT [dbo].[EmployeeProjects] ([ProjectId], [UserId], [JoiningDate]) VALUES (2, N'7b160093-48d7-463e-5cfb-08d7335e4155', CAST(N'0001-01-01T00:00:00.0000000' AS DateTime2))
INSERT [dbo].[EmployeeProjects] ([ProjectId], [UserId], [JoiningDate]) VALUES (2, N'38fd510e-e298-48ce-5cfc-08d7335e4155', CAST(N'0001-01-01T00:00:00.0000000' AS DateTime2))
INSERT [dbo].[EmployeeProjects] ([ProjectId], [UserId], [JoiningDate]) VALUES (2, N'8d100891-aa07-4743-5cfd-08d7335e4155', CAST(N'0001-01-01T00:00:00.0000000' AS DateTime2))
INSERT [dbo].[EmployeeProjects] ([ProjectId], [UserId], [JoiningDate]) VALUES (2, N'40dbf917-c905-4d1d-5cfe-08d7335e4155', CAST(N'0001-01-01T00:00:00.0000000' AS DateTime2))
INSERT [dbo].[EmployeeProjects] ([ProjectId], [UserId], [JoiningDate]) VALUES (3, N'e3cd5a81-4744-4a7f-5cff-08d7335e4155', CAST(N'0001-01-01T00:00:00.0000000' AS DateTime2))
INSERT [dbo].[EmployeeProjects] ([ProjectId], [UserId], [JoiningDate]) VALUES (2, N'beb5ce8e-5f5b-4e11-5d00-08d7335e4155', CAST(N'0001-01-01T00:00:00.0000000' AS DateTime2))
INSERT [dbo].[EmployeeProjects] ([ProjectId], [UserId], [JoiningDate]) VALUES (2, N'b0742fa8-5236-4c39-5d01-08d7335e4155', CAST(N'0001-01-01T00:00:00.0000000' AS DateTime2))
INSERT [dbo].[EmployeeProjects] ([ProjectId], [UserId], [JoiningDate]) VALUES (2, N'27cfec1b-357f-4d14-5d02-08d7335e4155', CAST(N'0001-01-01T00:00:00.0000000' AS DateTime2))
INSERT [dbo].[EmployeeProjects] ([ProjectId], [UserId], [JoiningDate]) VALUES (2, N'cfd7de75-d469-4358-5d03-08d7335e4155', CAST(N'0001-01-01T00:00:00.0000000' AS DateTime2))
INSERT [dbo].[EmployeeProjects] ([ProjectId], [UserId], [JoiningDate]) VALUES (2, N'5c01f138-57c9-4926-5d04-08d7335e4155', CAST(N'0001-01-01T00:00:00.0000000' AS DateTime2))
INSERT [dbo].[EmployeeProjects] ([ProjectId], [UserId], [JoiningDate]) VALUES (1, N'e10ad45a-6ada-41ed-5d05-08d7335e4155', CAST(N'0001-01-01T00:00:00.0000000' AS DateTime2))
INSERT [dbo].[EmployeeProjects] ([ProjectId], [UserId], [JoiningDate]) VALUES (2, N'9c136db5-a1ed-423d-5d06-08d7335e4155', CAST(N'0001-01-01T00:00:00.0000000' AS DateTime2))
INSERT [dbo].[EmployeeProjects] ([ProjectId], [UserId], [JoiningDate]) VALUES (3, N'ea1d1633-1e0e-4348-5d07-08d7335e4155', CAST(N'0001-01-01T00:00:00.0000000' AS DateTime2))
INSERT [dbo].[EmployeeProjects] ([ProjectId], [UserId], [JoiningDate]) VALUES (3, N'4afdd1ba-d855-4f15-5d08-08d7335e4155', CAST(N'0001-01-01T00:00:00.0000000' AS DateTime2))
INSERT [dbo].[EmployeeProjects] ([ProjectId], [UserId], [JoiningDate]) VALUES (5, N'5f7daba5-5abd-4aad-e070-08d734ea4fbd', CAST(N'0001-01-01T00:00:00.0000000' AS DateTime2))
GO
INSERT [dbo].[EmployeeProjects] ([ProjectId], [UserId], [JoiningDate]) VALUES (4, N'6ebc47b8-e4fd-4014-e071-08d734ea4fbd', CAST(N'0001-01-01T00:00:00.0000000' AS DateTime2))
INSERT [dbo].[EmployeeProjects] ([ProjectId], [UserId], [JoiningDate]) VALUES (4, N'd316bfaf-bc4e-43a8-e072-08d734ea4fbd', CAST(N'0001-01-01T00:00:00.0000000' AS DateTime2))
INSERT [dbo].[EmployeeProjects] ([ProjectId], [UserId], [JoiningDate]) VALUES (6, N'a1961d71-3d25-437c-e073-08d734ea4fbd', CAST(N'0001-01-01T00:00:00.0000000' AS DateTime2))
INSERT [dbo].[EmployeeProjects] ([ProjectId], [UserId], [JoiningDate]) VALUES (5, N'c19e4d7f-4e09-43b8-e074-08d734ea4fbd', CAST(N'0001-01-01T00:00:00.0000000' AS DateTime2))
INSERT [dbo].[EmployeeProjects] ([ProjectId], [UserId], [JoiningDate]) VALUES (5, N'26547baf-c244-41a6-e075-08d734ea4fbd', CAST(N'0001-01-01T00:00:00.0000000' AS DateTime2))
INSERT [dbo].[EmployeeProjects] ([ProjectId], [UserId], [JoiningDate]) VALUES (5, N'7304a3d4-7c6f-47a2-e076-08d734ea4fbd', CAST(N'0001-01-01T00:00:00.0000000' AS DateTime2))
INSERT [dbo].[EmployeeProjects] ([ProjectId], [UserId], [JoiningDate]) VALUES (6, N'49a1c1fc-da63-42ea-e077-08d734ea4fbd', CAST(N'0001-01-01T00:00:00.0000000' AS DateTime2))
INSERT [dbo].[EmployeeProjects] ([ProjectId], [UserId], [JoiningDate]) VALUES (3, N'6ddbe757-04cf-408f-e078-08d734ea4fbd', CAST(N'0001-01-01T00:00:00.0000000' AS DateTime2))
INSERT [dbo].[EmployeeProjects] ([ProjectId], [UserId], [JoiningDate]) VALUES (5, N'f1d375fd-71cb-49ce-e079-08d734ea4fbd', CAST(N'0001-01-01T00:00:00.0000000' AS DateTime2))
INSERT [dbo].[EmployeeProjects] ([ProjectId], [UserId], [JoiningDate]) VALUES (5, N'ca1c5c68-198d-491e-e07a-08d734ea4fbd', CAST(N'0001-01-01T00:00:00.0000000' AS DateTime2))
INSERT [dbo].[EmployeeProjects] ([ProjectId], [UserId], [JoiningDate]) VALUES (5, N'afd9dc63-1364-4b0e-e07b-08d734ea4fbd', CAST(N'0001-01-01T00:00:00.0000000' AS DateTime2))
INSERT [dbo].[EmployeeProjects] ([ProjectId], [UserId], [JoiningDate]) VALUES (5, N'0ef44479-ab18-40c8-e07c-08d734ea4fbd', CAST(N'0001-01-01T00:00:00.0000000' AS DateTime2))
INSERT [dbo].[EmployeeProjects] ([ProjectId], [UserId], [JoiningDate]) VALUES (5, N'476cba34-c658-414c-e07d-08d734ea4fbd', CAST(N'0001-01-01T00:00:00.0000000' AS DateTime2))
INSERT [dbo].[EmployeeProjects] ([ProjectId], [UserId], [JoiningDate]) VALUES (5, N'45caf70d-6be0-4c11-e07e-08d734ea4fbd', CAST(N'0001-01-01T00:00:00.0000000' AS DateTime2))
INSERT [dbo].[EmployeeProjects] ([ProjectId], [UserId], [JoiningDate]) VALUES (5, N'8041e426-d350-44ec-e07f-08d734ea4fbd', CAST(N'0001-01-01T00:00:00.0000000' AS DateTime2))
INSERT [dbo].[EmployeeProjects] ([ProjectId], [UserId], [JoiningDate]) VALUES (4, N'4ca4ae15-e333-45f2-e080-08d734ea4fbd', CAST(N'0001-01-01T00:00:00.0000000' AS DateTime2))
INSERT [dbo].[EmployeeProjects] ([ProjectId], [UserId], [JoiningDate]) VALUES (6, N'2e332846-9e94-48fe-e081-08d734ea4fbd', CAST(N'0001-01-01T00:00:00.0000000' AS DateTime2))
INSERT [dbo].[EmployeeProjects] ([ProjectId], [UserId], [JoiningDate]) VALUES (5, N'dadeb8ca-2cec-4c00-e082-08d734ea4fbd', CAST(N'0001-01-01T00:00:00.0000000' AS DateTime2))
INSERT [dbo].[EmployeeProjects] ([ProjectId], [UserId], [JoiningDate]) VALUES (5, N'c9d021f3-b39d-4604-e083-08d734ea4fbd', CAST(N'0001-01-01T00:00:00.0000000' AS DateTime2))
INSERT [dbo].[EmployeeProjects] ([ProjectId], [UserId], [JoiningDate]) VALUES (5, N'3b1913b5-906d-490c-e084-08d734ea4fbd', CAST(N'0001-01-01T00:00:00.0000000' AS DateTime2))
INSERT [dbo].[EmployeeProjects] ([ProjectId], [UserId], [JoiningDate]) VALUES (5, N'28701727-21a0-4332-e085-08d734ea4fbd', CAST(N'0001-01-01T00:00:00.0000000' AS DateTime2))
INSERT [dbo].[EmployeeProjects] ([ProjectId], [UserId], [JoiningDate]) VALUES (5, N'ee1983b8-751b-4996-e086-08d734ea4fbd', CAST(N'0001-01-01T00:00:00.0000000' AS DateTime2))
INSERT [dbo].[EmployeeProjects] ([ProjectId], [UserId], [JoiningDate]) VALUES (5, N'45a6509b-d653-4393-e087-08d734ea4fbd', CAST(N'0001-01-01T00:00:00.0000000' AS DateTime2))
INSERT [dbo].[EmployeeProjects] ([ProjectId], [UserId], [JoiningDate]) VALUES (5, N'42950cc2-4fe0-461d-e088-08d734ea4fbd', CAST(N'0001-01-01T00:00:00.0000000' AS DateTime2))
INSERT [dbo].[EmployeeProjects] ([ProjectId], [UserId], [JoiningDate]) VALUES (5, N'56432e0f-02a4-47ee-e089-08d734ea4fbd', CAST(N'0001-01-01T00:00:00.0000000' AS DateTime2))
INSERT [dbo].[EmployeeProjects] ([ProjectId], [UserId], [JoiningDate]) VALUES (5, N'e5b8d35f-0780-472d-e08a-08d734ea4fbd', CAST(N'0001-01-01T00:00:00.0000000' AS DateTime2))
INSERT [dbo].[EmployeeProjects] ([ProjectId], [UserId], [JoiningDate]) VALUES (5, N'0e57539d-0e42-4040-e08b-08d734ea4fbd', CAST(N'0001-01-01T00:00:00.0000000' AS DateTime2))
INSERT [dbo].[EmployeeProjects] ([ProjectId], [UserId], [JoiningDate]) VALUES (3, N'4296233b-db24-48cc-e08c-08d734ea4fbd', CAST(N'0001-01-01T00:00:00.0000000' AS DateTime2))
INSERT [dbo].[EmployeeProjects] ([ProjectId], [UserId], [JoiningDate]) VALUES (5, N'5e34f595-3d3a-48ea-e08d-08d734ea4fbd', CAST(N'0001-01-01T00:00:00.0000000' AS DateTime2))
INSERT [dbo].[EmployeeProjects] ([ProjectId], [UserId], [JoiningDate]) VALUES (1, N'5d5daf2d-5c71-4dd1-e08e-08d734ea4fbd', CAST(N'0001-01-01T00:00:00.0000000' AS DateTime2))
INSERT [dbo].[EmployeeProjects] ([ProjectId], [UserId], [JoiningDate]) VALUES (1, N'5b6f4ca8-5a4b-4cbe-e08f-08d734ea4fbd', CAST(N'0001-01-01T00:00:00.0000000' AS DateTime2))
INSERT [dbo].[EmployeeProjects] ([ProjectId], [UserId], [JoiningDate]) VALUES (1, N'a4d6871f-3bbc-4ba4-e090-08d734ea4fbd', CAST(N'0001-01-01T00:00:00.0000000' AS DateTime2))
INSERT [dbo].[EmployeeProjects] ([ProjectId], [UserId], [JoiningDate]) VALUES (1, N'60a03435-9aa5-43cf-e091-08d734ea4fbd', CAST(N'0001-01-01T00:00:00.0000000' AS DateTime2))
INSERT [dbo].[EmployeeProjects] ([ProjectId], [UserId], [JoiningDate]) VALUES (1, N'ac0f96aa-ecd0-4b8c-e092-08d734ea4fbd', CAST(N'0001-01-01T00:00:00.0000000' AS DateTime2))
INSERT [dbo].[EmployeeProjects] ([ProjectId], [UserId], [JoiningDate]) VALUES (6, N'8cc69abc-f1d3-4b66-e093-08d734ea4fbd', CAST(N'0001-01-01T00:00:00.0000000' AS DateTime2))
INSERT [dbo].[EmployeeProjects] ([ProjectId], [UserId], [JoiningDate]) VALUES (4, N'485e2c85-3761-4439-e094-08d734ea4fbd', CAST(N'0001-01-01T00:00:00.0000000' AS DateTime2))
INSERT [dbo].[EmployeeProjects] ([ProjectId], [UserId], [JoiningDate]) VALUES (4, N'6fc99d00-0ade-43f3-e095-08d734ea4fbd', CAST(N'0001-01-01T00:00:00.0000000' AS DateTime2))
INSERT [dbo].[EmployeeProjects] ([ProjectId], [UserId], [JoiningDate]) VALUES (4, N'63533953-ecbf-4825-e096-08d734ea4fbd', CAST(N'0001-01-01T00:00:00.0000000' AS DateTime2))
INSERT [dbo].[EmployeeProjects] ([ProjectId], [UserId], [JoiningDate]) VALUES (5, N'5bc8c2da-4ee1-4cc0-e097-08d734ea4fbd', CAST(N'0001-01-01T00:00:00.0000000' AS DateTime2))
INSERT [dbo].[EmployeeProjects] ([ProjectId], [UserId], [JoiningDate]) VALUES (3, N'dc0b85c4-9e66-44e3-e098-08d734ea4fbd', CAST(N'0001-01-01T00:00:00.0000000' AS DateTime2))
INSERT [dbo].[EmployeeProjects] ([ProjectId], [UserId], [JoiningDate]) VALUES (4, N'd281a54e-d1eb-4bd5-e099-08d734ea4fbd', CAST(N'0001-01-01T00:00:00.0000000' AS DateTime2))
INSERT [dbo].[EmployeeProjects] ([ProjectId], [UserId], [JoiningDate]) VALUES (5, N'5166119f-f0de-4c28-e09a-08d734ea4fbd', CAST(N'0001-01-01T00:00:00.0000000' AS DateTime2))
INSERT [dbo].[EmployeeProjects] ([ProjectId], [UserId], [JoiningDate]) VALUES (3, N'1e9b6da8-edf1-4915-e09b-08d734ea4fbd', CAST(N'0001-01-01T00:00:00.0000000' AS DateTime2))
INSERT [dbo].[EmployeeProjects] ([ProjectId], [UserId], [JoiningDate]) VALUES (5, N'b69dd10f-2bad-4ebb-e09c-08d734ea4fbd', CAST(N'0001-01-01T00:00:00.0000000' AS DateTime2))
INSERT [dbo].[EmployeeProjects] ([ProjectId], [UserId], [JoiningDate]) VALUES (3, N'44c31d9b-135f-4922-e09d-08d734ea4fbd', CAST(N'0001-01-01T00:00:00.0000000' AS DateTime2))
INSERT [dbo].[EmployeeProjects] ([ProjectId], [UserId], [JoiningDate]) VALUES (2, N'dc1dcd89-9219-46f0-e09e-08d734ea4fbd', CAST(N'0001-01-01T00:00:00.0000000' AS DateTime2))
INSERT [dbo].[EmployeeProjects] ([ProjectId], [UserId], [JoiningDate]) VALUES (5, N'54da4a6a-80e3-4992-e09f-08d734ea4fbd', CAST(N'0001-01-01T00:00:00.0000000' AS DateTime2))
INSERT [dbo].[EmployeeProjects] ([ProjectId], [UserId], [JoiningDate]) VALUES (5, N'f5dc5915-511e-48e9-e0a0-08d734ea4fbd', CAST(N'0001-01-01T00:00:00.0000000' AS DateTime2))
INSERT [dbo].[EmployeeProjects] ([ProjectId], [UserId], [JoiningDate]) VALUES (6, N'66109304-4619-45eb-e0a1-08d734ea4fbd', CAST(N'0001-01-01T00:00:00.0000000' AS DateTime2))
INSERT [dbo].[EmployeeProjects] ([ProjectId], [UserId], [JoiningDate]) VALUES (3, N'0a65074e-d555-464f-e0a2-08d734ea4fbd', CAST(N'0001-01-01T00:00:00.0000000' AS DateTime2))
INSERT [dbo].[EmployeeProjects] ([ProjectId], [UserId], [JoiningDate]) VALUES (4, N'daf212bf-fab7-419b-e0a3-08d734ea4fbd', CAST(N'0001-01-01T00:00:00.0000000' AS DateTime2))
INSERT [dbo].[EmployeeProjects] ([ProjectId], [UserId], [JoiningDate]) VALUES (6, N'29070310-e815-4cea-e0a4-08d734ea4fbd', CAST(N'0001-01-01T00:00:00.0000000' AS DateTime2))
INSERT [dbo].[EmployeeProjects] ([ProjectId], [UserId], [JoiningDate]) VALUES (3, N'288b45d1-a2eb-4a61-e0a5-08d734ea4fbd', CAST(N'0001-01-01T00:00:00.0000000' AS DateTime2))
INSERT [dbo].[EmployeeProjects] ([ProjectId], [UserId], [JoiningDate]) VALUES (5, N'3ff765e5-259c-4ccf-e0a6-08d734ea4fbd', CAST(N'0001-01-01T00:00:00.0000000' AS DateTime2))
INSERT [dbo].[EmployeeProjects] ([ProjectId], [UserId], [JoiningDate]) VALUES (6, N'0ba69b16-06ff-4e0f-e0a7-08d734ea4fbd', CAST(N'0001-01-01T00:00:00.0000000' AS DateTime2))
INSERT [dbo].[EmployeeProjects] ([ProjectId], [UserId], [JoiningDate]) VALUES (5, N'849a9084-b02e-402f-e0a8-08d734ea4fbd', CAST(N'0001-01-01T00:00:00.0000000' AS DateTime2))
INSERT [dbo].[EmployeeProjects] ([ProjectId], [UserId], [JoiningDate]) VALUES (2, N'79f556fc-84e6-4674-e0a9-08d734ea4fbd', CAST(N'0001-01-01T00:00:00.0000000' AS DateTime2))
INSERT [dbo].[EmployeeProjects] ([ProjectId], [UserId], [JoiningDate]) VALUES (4, N'81a77663-556c-4da4-e0aa-08d734ea4fbd', CAST(N'0001-01-01T00:00:00.0000000' AS DateTime2))
INSERT [dbo].[EmployeeProjects] ([ProjectId], [UserId], [JoiningDate]) VALUES (5, N'67f4088e-a1da-4437-e0ab-08d734ea4fbd', CAST(N'0001-01-01T00:00:00.0000000' AS DateTime2))
INSERT [dbo].[EmployeeProjects] ([ProjectId], [UserId], [JoiningDate]) VALUES (2, N'155ccb5f-83bc-483e-e0ac-08d734ea4fbd', CAST(N'0001-01-01T00:00:00.0000000' AS DateTime2))
INSERT [dbo].[EmployeeProjects] ([ProjectId], [UserId], [JoiningDate]) VALUES (2, N'ab030b29-625c-471a-e0ad-08d734ea4fbd', CAST(N'0001-01-01T00:00:00.0000000' AS DateTime2))
INSERT [dbo].[EmployeeProjects] ([ProjectId], [UserId], [JoiningDate]) VALUES (3, N'a5fe56ef-58fa-4dd8-e0ae-08d734ea4fbd', CAST(N'0001-01-01T00:00:00.0000000' AS DateTime2))
INSERT [dbo].[EmployeeProjects] ([ProjectId], [UserId], [JoiningDate]) VALUES (3, N'5dd9250e-f8e1-43d4-e0af-08d734ea4fbd', CAST(N'0001-01-01T00:00:00.0000000' AS DateTime2))
INSERT [dbo].[EmployeeProjects] ([ProjectId], [UserId], [JoiningDate]) VALUES (3, N'b96bb11f-7898-4afd-e0b0-08d734ea4fbd', CAST(N'0001-01-01T00:00:00.0000000' AS DateTime2))
INSERT [dbo].[EmployeeProjects] ([ProjectId], [UserId], [JoiningDate]) VALUES (3, N'e3235fc4-3834-4264-e0b1-08d734ea4fbd', CAST(N'0001-01-01T00:00:00.0000000' AS DateTime2))
INSERT [dbo].[EmployeeProjects] ([ProjectId], [UserId], [JoiningDate]) VALUES (5, N'2c8dd83d-225e-4994-e0b2-08d734ea4fbd', CAST(N'0001-01-01T00:00:00.0000000' AS DateTime2))
INSERT [dbo].[EmployeeProjects] ([ProjectId], [UserId], [JoiningDate]) VALUES (3, N'f18372b1-6aa7-404f-e0b3-08d734ea4fbd', CAST(N'0001-01-01T00:00:00.0000000' AS DateTime2))
INSERT [dbo].[EmployeeProjects] ([ProjectId], [UserId], [JoiningDate]) VALUES (5, N'503cc271-98f7-46ca-e0b4-08d734ea4fbd', CAST(N'0001-01-01T00:00:00.0000000' AS DateTime2))
INSERT [dbo].[EmployeeProjects] ([ProjectId], [UserId], [JoiningDate]) VALUES (4, N'39c5d693-3430-4e1a-e0b5-08d734ea4fbd', CAST(N'0001-01-01T00:00:00.0000000' AS DateTime2))
INSERT [dbo].[EmployeeProjects] ([ProjectId], [UserId], [JoiningDate]) VALUES (2, N'5ddfdb38-22f4-4da5-e0b6-08d734ea4fbd', CAST(N'0001-01-01T00:00:00.0000000' AS DateTime2))
INSERT [dbo].[EmployeeProjects] ([ProjectId], [UserId], [JoiningDate]) VALUES (2, N'84e93265-c8f8-4814-e0b7-08d734ea4fbd', CAST(N'0001-01-01T00:00:00.0000000' AS DateTime2))
INSERT [dbo].[EmployeeProjects] ([ProjectId], [UserId], [JoiningDate]) VALUES (3, N'4276a605-cfb1-4b51-e0b8-08d734ea4fbd', CAST(N'0001-01-01T00:00:00.0000000' AS DateTime2))
INSERT [dbo].[EmployeeProjects] ([ProjectId], [UserId], [JoiningDate]) VALUES (1, N'c3183366-7dc7-4fce-e0b9-08d734ea4fbd', CAST(N'0001-01-01T00:00:00.0000000' AS DateTime2))
INSERT [dbo].[EmployeeProjects] ([ProjectId], [UserId], [JoiningDate]) VALUES (1, N'f9877f1a-2f03-434d-e0ba-08d734ea4fbd', CAST(N'0001-01-01T00:00:00.0000000' AS DateTime2))
INSERT [dbo].[EmployeeProjects] ([ProjectId], [UserId], [JoiningDate]) VALUES (3, N'97f6995b-40dc-46d1-e0bb-08d734ea4fbd', CAST(N'0001-01-01T00:00:00.0000000' AS DateTime2))
INSERT [dbo].[EmployeeProjects] ([ProjectId], [UserId], [JoiningDate]) VALUES (2, N'93af2cd5-52b0-4d40-e0bc-08d734ea4fbd', CAST(N'0001-01-01T00:00:00.0000000' AS DateTime2))
INSERT [dbo].[EmployeeProjects] ([ProjectId], [UserId], [JoiningDate]) VALUES (2, N'fa3f39aa-775e-45c2-e0bd-08d734ea4fbd', CAST(N'0001-01-01T00:00:00.0000000' AS DateTime2))
INSERT [dbo].[EmployeeProjects] ([ProjectId], [UserId], [JoiningDate]) VALUES (2, N'c4f25a95-6692-4390-e0be-08d734ea4fbd', CAST(N'0001-01-01T00:00:00.0000000' AS DateTime2))
INSERT [dbo].[EmployeeProjects] ([ProjectId], [UserId], [JoiningDate]) VALUES (2, N'cc3f06fa-3b1d-4700-e0bf-08d734ea4fbd', CAST(N'0001-01-01T00:00:00.0000000' AS DateTime2))
INSERT [dbo].[EmployeeProjects] ([ProjectId], [UserId], [JoiningDate]) VALUES (1, N'66651701-7290-4705-e0c0-08d734ea4fbd', CAST(N'0001-01-01T00:00:00.0000000' AS DateTime2))
INSERT [dbo].[EmployeeProjects] ([ProjectId], [UserId], [JoiningDate]) VALUES (2, N'1ae5b9b7-fef1-41ce-e0c1-08d734ea4fbd', CAST(N'0001-01-01T00:00:00.0000000' AS DateTime2))
INSERT [dbo].[EmployeeProjects] ([ProjectId], [UserId], [JoiningDate]) VALUES (3, N'08739f49-3756-4bbb-e0c2-08d734ea4fbd', CAST(N'0001-01-01T00:00:00.0000000' AS DateTime2))
INSERT [dbo].[EmployeeProjects] ([ProjectId], [UserId], [JoiningDate]) VALUES (3, N'9fc36519-20c8-46f5-e0c3-08d734ea4fbd', CAST(N'0001-01-01T00:00:00.0000000' AS DateTime2))
INSERT [dbo].[EmployeeProjects] ([ProjectId], [UserId], [JoiningDate]) VALUES (2, N'702eae85-ed8b-4eed-e0c4-08d734ea4fbd', CAST(N'0001-01-01T00:00:00.0000000' AS DateTime2))
INSERT [dbo].[EmployeeProjects] ([ProjectId], [UserId], [JoiningDate]) VALUES (2, N'289c0a85-c7a2-486a-e0c5-08d734ea4fbd', CAST(N'0001-01-01T00:00:00.0000000' AS DateTime2))
INSERT [dbo].[EmployeeProjects] ([ProjectId], [UserId], [JoiningDate]) VALUES (2, N'30779884-63e2-420d-e0c6-08d734ea4fbd', CAST(N'0001-01-01T00:00:00.0000000' AS DateTime2))
INSERT [dbo].[EmployeeProjects] ([ProjectId], [UserId], [JoiningDate]) VALUES (2, N'0bcfb266-dbb6-40a5-e0c7-08d734ea4fbd', CAST(N'0001-01-01T00:00:00.0000000' AS DateTime2))
INSERT [dbo].[EmployeeProjects] ([ProjectId], [UserId], [JoiningDate]) VALUES (2, N'385d4ad8-de8c-4496-e0c8-08d734ea4fbd', CAST(N'0001-01-01T00:00:00.0000000' AS DateTime2))
INSERT [dbo].[EmployeeProjects] ([ProjectId], [UserId], [JoiningDate]) VALUES (3, N'5c783e01-9dde-457a-e0c9-08d734ea4fbd', CAST(N'0001-01-01T00:00:00.0000000' AS DateTime2))
INSERT [dbo].[EmployeeProjects] ([ProjectId], [UserId], [JoiningDate]) VALUES (2, N'9f4df640-20dc-4bc3-e0ca-08d734ea4fbd', CAST(N'0001-01-01T00:00:00.0000000' AS DateTime2))
INSERT [dbo].[EmployeeProjects] ([ProjectId], [UserId], [JoiningDate]) VALUES (2, N'b2185589-0690-4e45-e0cb-08d734ea4fbd', CAST(N'0001-01-01T00:00:00.0000000' AS DateTime2))
INSERT [dbo].[EmployeeProjects] ([ProjectId], [UserId], [JoiningDate]) VALUES (2, N'cf7370c9-dbf6-4cb6-e0cc-08d734ea4fbd', CAST(N'0001-01-01T00:00:00.0000000' AS DateTime2))
INSERT [dbo].[EmployeeProjects] ([ProjectId], [UserId], [JoiningDate]) VALUES (2, N'ebf48ae7-fc07-46e7-e0cd-08d734ea4fbd', CAST(N'0001-01-01T00:00:00.0000000' AS DateTime2))
INSERT [dbo].[EmployeeProjects] ([ProjectId], [UserId], [JoiningDate]) VALUES (2, N'48618500-2426-4499-e0ce-08d734ea4fbd', CAST(N'0001-01-01T00:00:00.0000000' AS DateTime2))
INSERT [dbo].[EmployeeProjects] ([ProjectId], [UserId], [JoiningDate]) VALUES (1, N'a0119812-a9ae-46fd-e0cf-08d734ea4fbd', CAST(N'0001-01-01T00:00:00.0000000' AS DateTime2))
INSERT [dbo].[EmployeeProjects] ([ProjectId], [UserId], [JoiningDate]) VALUES (2, N'6efff8b7-9be6-4394-e0d0-08d734ea4fbd', CAST(N'0001-01-01T00:00:00.0000000' AS DateTime2))
INSERT [dbo].[EmployeeProjects] ([ProjectId], [UserId], [JoiningDate]) VALUES (3, N'2bf5b32f-35ce-4549-e0d1-08d734ea4fbd', CAST(N'0001-01-01T00:00:00.0000000' AS DateTime2))
INSERT [dbo].[EmployeeProjects] ([ProjectId], [UserId], [JoiningDate]) VALUES (3, N'ec7a2f02-d3c9-4b4e-e0d2-08d734ea4fbd', CAST(N'0001-01-01T00:00:00.0000000' AS DateTime2))
INSERT [dbo].[EmployeeProjects] ([ProjectId], [UserId], [JoiningDate]) VALUES (3, N'2eb36971-47e4-4ec5-bcee-21283b2388c7', CAST(N'2017-03-15T00:00:00.0000000' AS DateTime2))
INSERT [dbo].[EmployeeProjects] ([ProjectId], [UserId], [JoiningDate]) VALUES (3, N'f82a76e0-6ee0-4d0d-9a4d-eabdc392e3cb', CAST(N'2019-09-16T16:57:10.0500000' AS DateTime2))
GO
SET IDENTITY_INSERT [dbo].[CriteriaWeights] ON 

INSERT [dbo].[CriteriaWeights] ([Id], [Weight], [LevelCriteriaGroupId], [CriteriaId]) VALUES (1, CAST(0.10 AS Decimal(18, 2)), 5, 12)
INSERT [dbo].[CriteriaWeights] ([Id], [Weight], [LevelCriteriaGroupId], [CriteriaId]) VALUES (2, CAST(0.10 AS Decimal(18, 2)), 34, 8)
INSERT [dbo].[CriteriaWeights] ([Id], [Weight], [LevelCriteriaGroupId], [CriteriaId]) VALUES (3, CAST(0.10 AS Decimal(18, 2)), 34, 7)
INSERT [dbo].[CriteriaWeights] ([Id], [Weight], [LevelCriteriaGroupId], [CriteriaId]) VALUES (4, CAST(0.20 AS Decimal(18, 2)), 34, 4)
INSERT [dbo].[CriteriaWeights] ([Id], [Weight], [LevelCriteriaGroupId], [CriteriaId]) VALUES (5, CAST(0.10 AS Decimal(18, 2)), 34, 3)
INSERT [dbo].[CriteriaWeights] ([Id], [Weight], [LevelCriteriaGroupId], [CriteriaId]) VALUES (6, CAST(0.50 AS Decimal(18, 2)), 33, 2)
INSERT [dbo].[CriteriaWeights] ([Id], [Weight], [LevelCriteriaGroupId], [CriteriaId]) VALUES (7, CAST(0.25 AS Decimal(18, 2)), 32, 13)
INSERT [dbo].[CriteriaWeights] ([Id], [Weight], [LevelCriteriaGroupId], [CriteriaId]) VALUES (8, CAST(0.10 AS Decimal(18, 2)), 32, 12)
INSERT [dbo].[CriteriaWeights] ([Id], [Weight], [LevelCriteriaGroupId], [CriteriaId]) VALUES (9, CAST(0.15 AS Decimal(18, 2)), 32, 11)
INSERT [dbo].[CriteriaWeights] ([Id], [Weight], [LevelCriteriaGroupId], [CriteriaId]) VALUES (10, CAST(0.05 AS Decimal(18, 2)), 32, 10)
INSERT [dbo].[CriteriaWeights] ([Id], [Weight], [LevelCriteriaGroupId], [CriteriaId]) VALUES (11, CAST(0.05 AS Decimal(18, 2)), 32, 9)
INSERT [dbo].[CriteriaWeights] ([Id], [Weight], [LevelCriteriaGroupId], [CriteriaId]) VALUES (12, CAST(0.05 AS Decimal(18, 2)), 32, 8)
INSERT [dbo].[CriteriaWeights] ([Id], [Weight], [LevelCriteriaGroupId], [CriteriaId]) VALUES (13, CAST(0.10 AS Decimal(18, 2)), 32, 7)
INSERT [dbo].[CriteriaWeights] ([Id], [Weight], [LevelCriteriaGroupId], [CriteriaId]) VALUES (14, CAST(0.05 AS Decimal(18, 2)), 32, 6)
INSERT [dbo].[CriteriaWeights] ([Id], [Weight], [LevelCriteriaGroupId], [CriteriaId]) VALUES (15, CAST(0.05 AS Decimal(18, 2)), 32, 5)
INSERT [dbo].[CriteriaWeights] ([Id], [Weight], [LevelCriteriaGroupId], [CriteriaId]) VALUES (16, CAST(0.15 AS Decimal(18, 2)), 32, 3)
INSERT [dbo].[CriteriaWeights] ([Id], [Weight], [LevelCriteriaGroupId], [CriteriaId]) VALUES (17, CAST(0.20 AS Decimal(18, 2)), 31, 13)
INSERT [dbo].[CriteriaWeights] ([Id], [Weight], [LevelCriteriaGroupId], [CriteriaId]) VALUES (18, CAST(0.10 AS Decimal(18, 2)), 31, 12)
INSERT [dbo].[CriteriaWeights] ([Id], [Weight], [LevelCriteriaGroupId], [CriteriaId]) VALUES (19, CAST(0.10 AS Decimal(18, 2)), 31, 11)
INSERT [dbo].[CriteriaWeights] ([Id], [Weight], [LevelCriteriaGroupId], [CriteriaId]) VALUES (20, CAST(0.10 AS Decimal(18, 2)), 31, 10)
INSERT [dbo].[CriteriaWeights] ([Id], [Weight], [LevelCriteriaGroupId], [CriteriaId]) VALUES (21, CAST(0.10 AS Decimal(18, 2)), 31, 9)
INSERT [dbo].[CriteriaWeights] ([Id], [Weight], [LevelCriteriaGroupId], [CriteriaId]) VALUES (22, CAST(0.10 AS Decimal(18, 2)), 31, 8)
INSERT [dbo].[CriteriaWeights] ([Id], [Weight], [LevelCriteriaGroupId], [CriteriaId]) VALUES (23, CAST(0.10 AS Decimal(18, 2)), 31, 7)
INSERT [dbo].[CriteriaWeights] ([Id], [Weight], [LevelCriteriaGroupId], [CriteriaId]) VALUES (24, CAST(0.05 AS Decimal(18, 2)), 31, 6)
INSERT [dbo].[CriteriaWeights] ([Id], [Weight], [LevelCriteriaGroupId], [CriteriaId]) VALUES (25, CAST(0.05 AS Decimal(18, 2)), 31, 5)
INSERT [dbo].[CriteriaWeights] ([Id], [Weight], [LevelCriteriaGroupId], [CriteriaId]) VALUES (26, CAST(0.10 AS Decimal(18, 2)), 31, 3)
INSERT [dbo].[CriteriaWeights] ([Id], [Weight], [LevelCriteriaGroupId], [CriteriaId]) VALUES (27, CAST(0.20 AS Decimal(18, 2)), 38, 13)
INSERT [dbo].[CriteriaWeights] ([Id], [Weight], [LevelCriteriaGroupId], [CriteriaId]) VALUES (28, CAST(0.10 AS Decimal(18, 2)), 38, 12)
INSERT [dbo].[CriteriaWeights] ([Id], [Weight], [LevelCriteriaGroupId], [CriteriaId]) VALUES (29, CAST(0.10 AS Decimal(18, 2)), 34, 9)
INSERT [dbo].[CriteriaWeights] ([Id], [Weight], [LevelCriteriaGroupId], [CriteriaId]) VALUES (30, CAST(0.10 AS Decimal(18, 2)), 38, 10)
INSERT [dbo].[CriteriaWeights] ([Id], [Weight], [LevelCriteriaGroupId], [CriteriaId]) VALUES (31, CAST(0.10 AS Decimal(18, 2)), 34, 10)
INSERT [dbo].[CriteriaWeights] ([Id], [Weight], [LevelCriteriaGroupId], [CriteriaId]) VALUES (32, CAST(0.15 AS Decimal(18, 2)), 34, 13)
INSERT [dbo].[CriteriaWeights] ([Id], [Weight], [LevelCriteriaGroupId], [CriteriaId]) VALUES (33, CAST(0.15 AS Decimal(18, 2)), 9, 3)
INSERT [dbo].[CriteriaWeights] ([Id], [Weight], [LevelCriteriaGroupId], [CriteriaId]) VALUES (34, CAST(0.15 AS Decimal(18, 2)), 20, 13)
INSERT [dbo].[CriteriaWeights] ([Id], [Weight], [LevelCriteriaGroupId], [CriteriaId]) VALUES (35, CAST(0.15 AS Decimal(18, 2)), 20, 12)
INSERT [dbo].[CriteriaWeights] ([Id], [Weight], [LevelCriteriaGroupId], [CriteriaId]) VALUES (36, CAST(0.10 AS Decimal(18, 2)), 20, 10)
INSERT [dbo].[CriteriaWeights] ([Id], [Weight], [LevelCriteriaGroupId], [CriteriaId]) VALUES (37, CAST(0.10 AS Decimal(18, 2)), 20, 9)
INSERT [dbo].[CriteriaWeights] ([Id], [Weight], [LevelCriteriaGroupId], [CriteriaId]) VALUES (38, CAST(0.15 AS Decimal(18, 2)), 20, 8)
INSERT [dbo].[CriteriaWeights] ([Id], [Weight], [LevelCriteriaGroupId], [CriteriaId]) VALUES (39, CAST(0.10 AS Decimal(18, 2)), 20, 7)
INSERT [dbo].[CriteriaWeights] ([Id], [Weight], [LevelCriteriaGroupId], [CriteriaId]) VALUES (40, CAST(0.15 AS Decimal(18, 2)), 20, 4)
INSERT [dbo].[CriteriaWeights] ([Id], [Weight], [LevelCriteriaGroupId], [CriteriaId]) VALUES (41, CAST(0.10 AS Decimal(18, 2)), 20, 3)
INSERT [dbo].[CriteriaWeights] ([Id], [Weight], [LevelCriteriaGroupId], [CriteriaId]) VALUES (42, CAST(0.50 AS Decimal(18, 2)), 29, 2)
INSERT [dbo].[CriteriaWeights] ([Id], [Weight], [LevelCriteriaGroupId], [CriteriaId]) VALUES (43, CAST(0.15 AS Decimal(18, 2)), 21, 13)
INSERT [dbo].[CriteriaWeights] ([Id], [Weight], [LevelCriteriaGroupId], [CriteriaId]) VALUES (44, CAST(0.15 AS Decimal(18, 2)), 21, 12)
INSERT [dbo].[CriteriaWeights] ([Id], [Weight], [LevelCriteriaGroupId], [CriteriaId]) VALUES (45, CAST(0.10 AS Decimal(18, 2)), 21, 10)
INSERT [dbo].[CriteriaWeights] ([Id], [Weight], [LevelCriteriaGroupId], [CriteriaId]) VALUES (46, CAST(0.10 AS Decimal(18, 2)), 21, 9)
INSERT [dbo].[CriteriaWeights] ([Id], [Weight], [LevelCriteriaGroupId], [CriteriaId]) VALUES (47, CAST(0.15 AS Decimal(18, 2)), 21, 8)
INSERT [dbo].[CriteriaWeights] ([Id], [Weight], [LevelCriteriaGroupId], [CriteriaId]) VALUES (48, CAST(0.10 AS Decimal(18, 2)), 21, 7)
INSERT [dbo].[CriteriaWeights] ([Id], [Weight], [LevelCriteriaGroupId], [CriteriaId]) VALUES (49, CAST(0.15 AS Decimal(18, 2)), 21, 4)
INSERT [dbo].[CriteriaWeights] ([Id], [Weight], [LevelCriteriaGroupId], [CriteriaId]) VALUES (50, CAST(0.10 AS Decimal(18, 2)), 21, 3)
INSERT [dbo].[CriteriaWeights] ([Id], [Weight], [LevelCriteriaGroupId], [CriteriaId]) VALUES (51, CAST(0.50 AS Decimal(18, 2)), 37, 2)
INSERT [dbo].[CriteriaWeights] ([Id], [Weight], [LevelCriteriaGroupId], [CriteriaId]) VALUES (52, CAST(0.15 AS Decimal(18, 2)), 36, 13)
INSERT [dbo].[CriteriaWeights] ([Id], [Weight], [LevelCriteriaGroupId], [CriteriaId]) VALUES (53, CAST(0.15 AS Decimal(18, 2)), 36, 12)
INSERT [dbo].[CriteriaWeights] ([Id], [Weight], [LevelCriteriaGroupId], [CriteriaId]) VALUES (54, CAST(0.10 AS Decimal(18, 2)), 36, 10)
INSERT [dbo].[CriteriaWeights] ([Id], [Weight], [LevelCriteriaGroupId], [CriteriaId]) VALUES (55, CAST(0.10 AS Decimal(18, 2)), 36, 9)
INSERT [dbo].[CriteriaWeights] ([Id], [Weight], [LevelCriteriaGroupId], [CriteriaId]) VALUES (56, CAST(0.10 AS Decimal(18, 2)), 36, 8)
INSERT [dbo].[CriteriaWeights] ([Id], [Weight], [LevelCriteriaGroupId], [CriteriaId]) VALUES (57, CAST(0.10 AS Decimal(18, 2)), 36, 7)
INSERT [dbo].[CriteriaWeights] ([Id], [Weight], [LevelCriteriaGroupId], [CriteriaId]) VALUES (58, CAST(0.20 AS Decimal(18, 2)), 36, 4)
INSERT [dbo].[CriteriaWeights] ([Id], [Weight], [LevelCriteriaGroupId], [CriteriaId]) VALUES (59, CAST(0.10 AS Decimal(18, 2)), 36, 3)
INSERT [dbo].[CriteriaWeights] ([Id], [Weight], [LevelCriteriaGroupId], [CriteriaId]) VALUES (60, CAST(0.15 AS Decimal(18, 2)), 34, 12)
INSERT [dbo].[CriteriaWeights] ([Id], [Weight], [LevelCriteriaGroupId], [CriteriaId]) VALUES (61, CAST(0.10 AS Decimal(18, 2)), 9, 4)
INSERT [dbo].[CriteriaWeights] ([Id], [Weight], [LevelCriteriaGroupId], [CriteriaId]) VALUES (62, CAST(0.10 AS Decimal(18, 2)), 38, 9)
INSERT [dbo].[CriteriaWeights] ([Id], [Weight], [LevelCriteriaGroupId], [CriteriaId]) VALUES (63, CAST(0.10 AS Decimal(18, 2)), 38, 7)
INSERT [dbo].[CriteriaWeights] ([Id], [Weight], [LevelCriteriaGroupId], [CriteriaId]) VALUES (64, CAST(0.10 AS Decimal(18, 2)), 25, 8)
INSERT [dbo].[CriteriaWeights] ([Id], [Weight], [LevelCriteriaGroupId], [CriteriaId]) VALUES (65, CAST(0.15 AS Decimal(18, 2)), 25, 7)
INSERT [dbo].[CriteriaWeights] ([Id], [Weight], [LevelCriteriaGroupId], [CriteriaId]) VALUES (66, CAST(0.05 AS Decimal(18, 2)), 25, 6)
INSERT [dbo].[CriteriaWeights] ([Id], [Weight], [LevelCriteriaGroupId], [CriteriaId]) VALUES (67, CAST(0.15 AS Decimal(18, 2)), 25, 3)
INSERT [dbo].[CriteriaWeights] ([Id], [Weight], [LevelCriteriaGroupId], [CriteriaId]) VALUES (68, CAST(0.20 AS Decimal(18, 2)), 24, 13)
INSERT [dbo].[CriteriaWeights] ([Id], [Weight], [LevelCriteriaGroupId], [CriteriaId]) VALUES (69, CAST(0.10 AS Decimal(18, 2)), 24, 12)
INSERT [dbo].[CriteriaWeights] ([Id], [Weight], [LevelCriteriaGroupId], [CriteriaId]) VALUES (70, CAST(0.15 AS Decimal(18, 2)), 24, 10)
INSERT [dbo].[CriteriaWeights] ([Id], [Weight], [LevelCriteriaGroupId], [CriteriaId]) VALUES (71, CAST(0.10 AS Decimal(18, 2)), 24, 9)
INSERT [dbo].[CriteriaWeights] ([Id], [Weight], [LevelCriteriaGroupId], [CriteriaId]) VALUES (72, CAST(0.10 AS Decimal(18, 2)), 24, 8)
INSERT [dbo].[CriteriaWeights] ([Id], [Weight], [LevelCriteriaGroupId], [CriteriaId]) VALUES (73, CAST(0.10 AS Decimal(18, 2)), 24, 7)
INSERT [dbo].[CriteriaWeights] ([Id], [Weight], [LevelCriteriaGroupId], [CriteriaId]) VALUES (74, CAST(0.10 AS Decimal(18, 2)), 24, 4)
INSERT [dbo].[CriteriaWeights] ([Id], [Weight], [LevelCriteriaGroupId], [CriteriaId]) VALUES (75, CAST(0.15 AS Decimal(18, 2)), 24, 3)
INSERT [dbo].[CriteriaWeights] ([Id], [Weight], [LevelCriteriaGroupId], [CriteriaId]) VALUES (76, CAST(0.15 AS Decimal(18, 2)), 23, 13)
INSERT [dbo].[CriteriaWeights] ([Id], [Weight], [LevelCriteriaGroupId], [CriteriaId]) VALUES (77, CAST(0.15 AS Decimal(18, 2)), 23, 12)
INSERT [dbo].[CriteriaWeights] ([Id], [Weight], [LevelCriteriaGroupId], [CriteriaId]) VALUES (78, CAST(0.10 AS Decimal(18, 2)), 23, 10)
INSERT [dbo].[CriteriaWeights] ([Id], [Weight], [LevelCriteriaGroupId], [CriteriaId]) VALUES (79, CAST(0.10 AS Decimal(18, 2)), 23, 9)
INSERT [dbo].[CriteriaWeights] ([Id], [Weight], [LevelCriteriaGroupId], [CriteriaId]) VALUES (80, CAST(0.10 AS Decimal(18, 2)), 23, 8)
INSERT [dbo].[CriteriaWeights] ([Id], [Weight], [LevelCriteriaGroupId], [CriteriaId]) VALUES (81, CAST(0.10 AS Decimal(18, 2)), 23, 7)
INSERT [dbo].[CriteriaWeights] ([Id], [Weight], [LevelCriteriaGroupId], [CriteriaId]) VALUES (82, CAST(0.15 AS Decimal(18, 2)), 23, 4)
INSERT [dbo].[CriteriaWeights] ([Id], [Weight], [LevelCriteriaGroupId], [CriteriaId]) VALUES (83, CAST(0.15 AS Decimal(18, 2)), 23, 3)
INSERT [dbo].[CriteriaWeights] ([Id], [Weight], [LevelCriteriaGroupId], [CriteriaId]) VALUES (84, CAST(0.15 AS Decimal(18, 2)), 22, 13)
INSERT [dbo].[CriteriaWeights] ([Id], [Weight], [LevelCriteriaGroupId], [CriteriaId]) VALUES (85, CAST(0.15 AS Decimal(18, 2)), 22, 12)
INSERT [dbo].[CriteriaWeights] ([Id], [Weight], [LevelCriteriaGroupId], [CriteriaId]) VALUES (86, CAST(0.10 AS Decimal(18, 2)), 22, 10)
INSERT [dbo].[CriteriaWeights] ([Id], [Weight], [LevelCriteriaGroupId], [CriteriaId]) VALUES (87, CAST(0.10 AS Decimal(18, 2)), 22, 9)
INSERT [dbo].[CriteriaWeights] ([Id], [Weight], [LevelCriteriaGroupId], [CriteriaId]) VALUES (88, CAST(0.10 AS Decimal(18, 2)), 22, 8)
INSERT [dbo].[CriteriaWeights] ([Id], [Weight], [LevelCriteriaGroupId], [CriteriaId]) VALUES (89, CAST(0.10 AS Decimal(18, 2)), 22, 7)
INSERT [dbo].[CriteriaWeights] ([Id], [Weight], [LevelCriteriaGroupId], [CriteriaId]) VALUES (90, CAST(0.20 AS Decimal(18, 2)), 22, 4)
INSERT [dbo].[CriteriaWeights] ([Id], [Weight], [LevelCriteriaGroupId], [CriteriaId]) VALUES (91, CAST(0.10 AS Decimal(18, 2)), 25, 9)
INSERT [dbo].[CriteriaWeights] ([Id], [Weight], [LevelCriteriaGroupId], [CriteriaId]) VALUES (92, CAST(0.10 AS Decimal(18, 2)), 38, 8)
INSERT [dbo].[CriteriaWeights] ([Id], [Weight], [LevelCriteriaGroupId], [CriteriaId]) VALUES (93, CAST(0.10 AS Decimal(18, 2)), 25, 10)
INSERT [dbo].[CriteriaWeights] ([Id], [Weight], [LevelCriteriaGroupId], [CriteriaId]) VALUES (94, CAST(0.25 AS Decimal(18, 2)), 25, 13)
INSERT [dbo].[CriteriaWeights] ([Id], [Weight], [LevelCriteriaGroupId], [CriteriaId]) VALUES (95, CAST(0.15 AS Decimal(18, 2)), 38, 4)
INSERT [dbo].[CriteriaWeights] ([Id], [Weight], [LevelCriteriaGroupId], [CriteriaId]) VALUES (96, CAST(0.15 AS Decimal(18, 2)), 38, 3)
INSERT [dbo].[CriteriaWeights] ([Id], [Weight], [LevelCriteriaGroupId], [CriteriaId]) VALUES (97, CAST(0.15 AS Decimal(18, 2)), 30, 13)
INSERT [dbo].[CriteriaWeights] ([Id], [Weight], [LevelCriteriaGroupId], [CriteriaId]) VALUES (98, CAST(0.15 AS Decimal(18, 2)), 30, 12)
INSERT [dbo].[CriteriaWeights] ([Id], [Weight], [LevelCriteriaGroupId], [CriteriaId]) VALUES (99, CAST(0.15 AS Decimal(18, 2)), 30, 10)
GO
INSERT [dbo].[CriteriaWeights] ([Id], [Weight], [LevelCriteriaGroupId], [CriteriaId]) VALUES (100, CAST(0.10 AS Decimal(18, 2)), 30, 9)
INSERT [dbo].[CriteriaWeights] ([Id], [Weight], [LevelCriteriaGroupId], [CriteriaId]) VALUES (101, CAST(0.10 AS Decimal(18, 2)), 30, 8)
INSERT [dbo].[CriteriaWeights] ([Id], [Weight], [LevelCriteriaGroupId], [CriteriaId]) VALUES (102, CAST(0.10 AS Decimal(18, 2)), 30, 7)
INSERT [dbo].[CriteriaWeights] ([Id], [Weight], [LevelCriteriaGroupId], [CriteriaId]) VALUES (103, CAST(0.10 AS Decimal(18, 2)), 30, 4)
INSERT [dbo].[CriteriaWeights] ([Id], [Weight], [LevelCriteriaGroupId], [CriteriaId]) VALUES (104, CAST(0.15 AS Decimal(18, 2)), 30, 3)
INSERT [dbo].[CriteriaWeights] ([Id], [Weight], [LevelCriteriaGroupId], [CriteriaId]) VALUES (105, CAST(0.15 AS Decimal(18, 2)), 28, 13)
INSERT [dbo].[CriteriaWeights] ([Id], [Weight], [LevelCriteriaGroupId], [CriteriaId]) VALUES (106, CAST(0.15 AS Decimal(18, 2)), 28, 12)
INSERT [dbo].[CriteriaWeights] ([Id], [Weight], [LevelCriteriaGroupId], [CriteriaId]) VALUES (107, CAST(0.10 AS Decimal(18, 2)), 28, 10)
INSERT [dbo].[CriteriaWeights] ([Id], [Weight], [LevelCriteriaGroupId], [CriteriaId]) VALUES (108, CAST(0.10 AS Decimal(18, 2)), 28, 9)
INSERT [dbo].[CriteriaWeights] ([Id], [Weight], [LevelCriteriaGroupId], [CriteriaId]) VALUES (109, CAST(0.10 AS Decimal(18, 2)), 28, 8)
INSERT [dbo].[CriteriaWeights] ([Id], [Weight], [LevelCriteriaGroupId], [CriteriaId]) VALUES (110, CAST(0.10 AS Decimal(18, 2)), 28, 7)
INSERT [dbo].[CriteriaWeights] ([Id], [Weight], [LevelCriteriaGroupId], [CriteriaId]) VALUES (111, CAST(0.20 AS Decimal(18, 2)), 28, 4)
INSERT [dbo].[CriteriaWeights] ([Id], [Weight], [LevelCriteriaGroupId], [CriteriaId]) VALUES (112, CAST(0.10 AS Decimal(18, 2)), 28, 3)
INSERT [dbo].[CriteriaWeights] ([Id], [Weight], [LevelCriteriaGroupId], [CriteriaId]) VALUES (113, CAST(0.40 AS Decimal(18, 2)), 27, 2)
INSERT [dbo].[CriteriaWeights] ([Id], [Weight], [LevelCriteriaGroupId], [CriteriaId]) VALUES (114, CAST(0.20 AS Decimal(18, 2)), 26, 13)
INSERT [dbo].[CriteriaWeights] ([Id], [Weight], [LevelCriteriaGroupId], [CriteriaId]) VALUES (115, CAST(0.10 AS Decimal(18, 2)), 26, 12)
INSERT [dbo].[CriteriaWeights] ([Id], [Weight], [LevelCriteriaGroupId], [CriteriaId]) VALUES (116, CAST(0.10 AS Decimal(18, 2)), 26, 10)
INSERT [dbo].[CriteriaWeights] ([Id], [Weight], [LevelCriteriaGroupId], [CriteriaId]) VALUES (117, CAST(0.10 AS Decimal(18, 2)), 26, 9)
INSERT [dbo].[CriteriaWeights] ([Id], [Weight], [LevelCriteriaGroupId], [CriteriaId]) VALUES (118, CAST(0.10 AS Decimal(18, 2)), 26, 8)
INSERT [dbo].[CriteriaWeights] ([Id], [Weight], [LevelCriteriaGroupId], [CriteriaId]) VALUES (119, CAST(0.10 AS Decimal(18, 2)), 26, 7)
INSERT [dbo].[CriteriaWeights] ([Id], [Weight], [LevelCriteriaGroupId], [CriteriaId]) VALUES (120, CAST(0.15 AS Decimal(18, 2)), 26, 4)
INSERT [dbo].[CriteriaWeights] ([Id], [Weight], [LevelCriteriaGroupId], [CriteriaId]) VALUES (121, CAST(0.15 AS Decimal(18, 2)), 26, 3)
INSERT [dbo].[CriteriaWeights] ([Id], [Weight], [LevelCriteriaGroupId], [CriteriaId]) VALUES (122, CAST(0.10 AS Decimal(18, 2)), 25, 12)
INSERT [dbo].[CriteriaWeights] ([Id], [Weight], [LevelCriteriaGroupId], [CriteriaId]) VALUES (123, CAST(0.10 AS Decimal(18, 2)), 22, 3)
INSERT [dbo].[CriteriaWeights] ([Id], [Weight], [LevelCriteriaGroupId], [CriteriaId]) VALUES (124, CAST(0.10 AS Decimal(18, 2)), 9, 7)
INSERT [dbo].[CriteriaWeights] ([Id], [Weight], [LevelCriteriaGroupId], [CriteriaId]) VALUES (125, CAST(0.10 AS Decimal(18, 2)), 9, 9)
INSERT [dbo].[CriteriaWeights] ([Id], [Weight], [LevelCriteriaGroupId], [CriteriaId]) VALUES (126, CAST(0.10 AS Decimal(18, 2)), 18, 3)
INSERT [dbo].[CriteriaWeights] ([Id], [Weight], [LevelCriteriaGroupId], [CriteriaId]) VALUES (127, CAST(0.15 AS Decimal(18, 2)), 18, 4)
INSERT [dbo].[CriteriaWeights] ([Id], [Weight], [LevelCriteriaGroupId], [CriteriaId]) VALUES (128, CAST(0.10 AS Decimal(18, 2)), 18, 7)
INSERT [dbo].[CriteriaWeights] ([Id], [Weight], [LevelCriteriaGroupId], [CriteriaId]) VALUES (129, CAST(0.10 AS Decimal(18, 2)), 18, 8)
INSERT [dbo].[CriteriaWeights] ([Id], [Weight], [LevelCriteriaGroupId], [CriteriaId]) VALUES (130, CAST(0.10 AS Decimal(18, 2)), 18, 9)
INSERT [dbo].[CriteriaWeights] ([Id], [Weight], [LevelCriteriaGroupId], [CriteriaId]) VALUES (131, CAST(0.10 AS Decimal(18, 2)), 18, 10)
INSERT [dbo].[CriteriaWeights] ([Id], [Weight], [LevelCriteriaGroupId], [CriteriaId]) VALUES (132, CAST(0.10 AS Decimal(18, 2)), 18, 11)
INSERT [dbo].[CriteriaWeights] ([Id], [Weight], [LevelCriteriaGroupId], [CriteriaId]) VALUES (133, CAST(0.10 AS Decimal(18, 2)), 18, 12)
INSERT [dbo].[CriteriaWeights] ([Id], [Weight], [LevelCriteriaGroupId], [CriteriaId]) VALUES (134, CAST(0.15 AS Decimal(18, 2)), 18, 13)
INSERT [dbo].[CriteriaWeights] ([Id], [Weight], [LevelCriteriaGroupId], [CriteriaId]) VALUES (135, CAST(0.40 AS Decimal(18, 2)), 11, 2)
INSERT [dbo].[CriteriaWeights] ([Id], [Weight], [LevelCriteriaGroupId], [CriteriaId]) VALUES (136, CAST(0.10 AS Decimal(18, 2)), 12, 3)
INSERT [dbo].[CriteriaWeights] ([Id], [Weight], [LevelCriteriaGroupId], [CriteriaId]) VALUES (137, CAST(0.15 AS Decimal(18, 2)), 12, 4)
INSERT [dbo].[CriteriaWeights] ([Id], [Weight], [LevelCriteriaGroupId], [CriteriaId]) VALUES (138, CAST(0.10 AS Decimal(18, 2)), 12, 7)
INSERT [dbo].[CriteriaWeights] ([Id], [Weight], [LevelCriteriaGroupId], [CriteriaId]) VALUES (139, CAST(0.10 AS Decimal(18, 2)), 12, 8)
INSERT [dbo].[CriteriaWeights] ([Id], [Weight], [LevelCriteriaGroupId], [CriteriaId]) VALUES (140, CAST(0.10 AS Decimal(18, 2)), 12, 9)
INSERT [dbo].[CriteriaWeights] ([Id], [Weight], [LevelCriteriaGroupId], [CriteriaId]) VALUES (141, CAST(0.10 AS Decimal(18, 2)), 12, 10)
INSERT [dbo].[CriteriaWeights] ([Id], [Weight], [LevelCriteriaGroupId], [CriteriaId]) VALUES (142, CAST(0.10 AS Decimal(18, 2)), 12, 11)
INSERT [dbo].[CriteriaWeights] ([Id], [Weight], [LevelCriteriaGroupId], [CriteriaId]) VALUES (143, CAST(0.10 AS Decimal(18, 2)), 12, 12)
INSERT [dbo].[CriteriaWeights] ([Id], [Weight], [LevelCriteriaGroupId], [CriteriaId]) VALUES (144, CAST(0.15 AS Decimal(18, 2)), 12, 13)
INSERT [dbo].[CriteriaWeights] ([Id], [Weight], [LevelCriteriaGroupId], [CriteriaId]) VALUES (145, CAST(0.40 AS Decimal(18, 2)), 13, 2)
INSERT [dbo].[CriteriaWeights] ([Id], [Weight], [LevelCriteriaGroupId], [CriteriaId]) VALUES (146, CAST(0.10 AS Decimal(18, 2)), 14, 3)
INSERT [dbo].[CriteriaWeights] ([Id], [Weight], [LevelCriteriaGroupId], [CriteriaId]) VALUES (147, CAST(0.15 AS Decimal(18, 2)), 14, 4)
INSERT [dbo].[CriteriaWeights] ([Id], [Weight], [LevelCriteriaGroupId], [CriteriaId]) VALUES (148, CAST(0.10 AS Decimal(18, 2)), 14, 7)
INSERT [dbo].[CriteriaWeights] ([Id], [Weight], [LevelCriteriaGroupId], [CriteriaId]) VALUES (149, CAST(0.10 AS Decimal(18, 2)), 14, 8)
INSERT [dbo].[CriteriaWeights] ([Id], [Weight], [LevelCriteriaGroupId], [CriteriaId]) VALUES (150, CAST(0.10 AS Decimal(18, 2)), 14, 9)
INSERT [dbo].[CriteriaWeights] ([Id], [Weight], [LevelCriteriaGroupId], [CriteriaId]) VALUES (151, CAST(0.10 AS Decimal(18, 2)), 14, 10)
INSERT [dbo].[CriteriaWeights] ([Id], [Weight], [LevelCriteriaGroupId], [CriteriaId]) VALUES (152, CAST(0.10 AS Decimal(18, 2)), 14, 11)
INSERT [dbo].[CriteriaWeights] ([Id], [Weight], [LevelCriteriaGroupId], [CriteriaId]) VALUES (153, CAST(0.40 AS Decimal(18, 2)), 10, 2)
INSERT [dbo].[CriteriaWeights] ([Id], [Weight], [LevelCriteriaGroupId], [CriteriaId]) VALUES (154, CAST(0.10 AS Decimal(18, 2)), 14, 12)
INSERT [dbo].[CriteriaWeights] ([Id], [Weight], [LevelCriteriaGroupId], [CriteriaId]) VALUES (155, CAST(0.25 AS Decimal(18, 2)), 8, 13)
INSERT [dbo].[CriteriaWeights] ([Id], [Weight], [LevelCriteriaGroupId], [CriteriaId]) VALUES (156, CAST(0.10 AS Decimal(18, 2)), 8, 11)
INSERT [dbo].[CriteriaWeights] ([Id], [Weight], [LevelCriteriaGroupId], [CriteriaId]) VALUES (157, CAST(0.10 AS Decimal(18, 2)), 5, 13)
INSERT [dbo].[CriteriaWeights] ([Id], [Weight], [LevelCriteriaGroupId], [CriteriaId]) VALUES (158, CAST(0.10 AS Decimal(18, 2)), 6, 3)
INSERT [dbo].[CriteriaWeights] ([Id], [Weight], [LevelCriteriaGroupId], [CriteriaId]) VALUES (159, CAST(0.10 AS Decimal(18, 2)), 6, 5)
INSERT [dbo].[CriteriaWeights] ([Id], [Weight], [LevelCriteriaGroupId], [CriteriaId]) VALUES (160, CAST(0.05 AS Decimal(18, 2)), 6, 6)
INSERT [dbo].[CriteriaWeights] ([Id], [Weight], [LevelCriteriaGroupId], [CriteriaId]) VALUES (161, CAST(0.10 AS Decimal(18, 2)), 6, 7)
INSERT [dbo].[CriteriaWeights] ([Id], [Weight], [LevelCriteriaGroupId], [CriteriaId]) VALUES (162, CAST(0.10 AS Decimal(18, 2)), 6, 8)
INSERT [dbo].[CriteriaWeights] ([Id], [Weight], [LevelCriteriaGroupId], [CriteriaId]) VALUES (163, CAST(0.10 AS Decimal(18, 2)), 6, 9)
INSERT [dbo].[CriteriaWeights] ([Id], [Weight], [LevelCriteriaGroupId], [CriteriaId]) VALUES (164, CAST(0.10 AS Decimal(18, 2)), 6, 10)
INSERT [dbo].[CriteriaWeights] ([Id], [Weight], [LevelCriteriaGroupId], [CriteriaId]) VALUES (165, CAST(0.10 AS Decimal(18, 2)), 6, 11)
INSERT [dbo].[CriteriaWeights] ([Id], [Weight], [LevelCriteriaGroupId], [CriteriaId]) VALUES (166, CAST(0.10 AS Decimal(18, 2)), 6, 12)
INSERT [dbo].[CriteriaWeights] ([Id], [Weight], [LevelCriteriaGroupId], [CriteriaId]) VALUES (167, CAST(0.15 AS Decimal(18, 2)), 6, 13)
INSERT [dbo].[CriteriaWeights] ([Id], [Weight], [LevelCriteriaGroupId], [CriteriaId]) VALUES (168, CAST(0.15 AS Decimal(18, 2)), 7, 3)
INSERT [dbo].[CriteriaWeights] ([Id], [Weight], [LevelCriteriaGroupId], [CriteriaId]) VALUES (169, CAST(0.05 AS Decimal(18, 2)), 7, 5)
INSERT [dbo].[CriteriaWeights] ([Id], [Weight], [LevelCriteriaGroupId], [CriteriaId]) VALUES (170, CAST(0.05 AS Decimal(18, 2)), 7, 6)
INSERT [dbo].[CriteriaWeights] ([Id], [Weight], [LevelCriteriaGroupId], [CriteriaId]) VALUES (171, CAST(0.10 AS Decimal(18, 2)), 7, 7)
INSERT [dbo].[CriteriaWeights] ([Id], [Weight], [LevelCriteriaGroupId], [CriteriaId]) VALUES (172, CAST(0.05 AS Decimal(18, 2)), 7, 8)
INSERT [dbo].[CriteriaWeights] ([Id], [Weight], [LevelCriteriaGroupId], [CriteriaId]) VALUES (173, CAST(0.05 AS Decimal(18, 2)), 7, 9)
INSERT [dbo].[CriteriaWeights] ([Id], [Weight], [LevelCriteriaGroupId], [CriteriaId]) VALUES (174, CAST(0.05 AS Decimal(18, 2)), 7, 10)
INSERT [dbo].[CriteriaWeights] ([Id], [Weight], [LevelCriteriaGroupId], [CriteriaId]) VALUES (175, CAST(0.15 AS Decimal(18, 2)), 7, 11)
INSERT [dbo].[CriteriaWeights] ([Id], [Weight], [LevelCriteriaGroupId], [CriteriaId]) VALUES (176, CAST(0.10 AS Decimal(18, 2)), 7, 12)
INSERT [dbo].[CriteriaWeights] ([Id], [Weight], [LevelCriteriaGroupId], [CriteriaId]) VALUES (177, CAST(0.25 AS Decimal(18, 2)), 7, 13)
INSERT [dbo].[CriteriaWeights] ([Id], [Weight], [LevelCriteriaGroupId], [CriteriaId]) VALUES (178, CAST(0.15 AS Decimal(18, 2)), 8, 3)
INSERT [dbo].[CriteriaWeights] ([Id], [Weight], [LevelCriteriaGroupId], [CriteriaId]) VALUES (179, CAST(0.05 AS Decimal(18, 2)), 8, 6)
INSERT [dbo].[CriteriaWeights] ([Id], [Weight], [LevelCriteriaGroupId], [CriteriaId]) VALUES (180, CAST(0.15 AS Decimal(18, 2)), 8, 7)
INSERT [dbo].[CriteriaWeights] ([Id], [Weight], [LevelCriteriaGroupId], [CriteriaId]) VALUES (181, CAST(0.05 AS Decimal(18, 2)), 8, 8)
INSERT [dbo].[CriteriaWeights] ([Id], [Weight], [LevelCriteriaGroupId], [CriteriaId]) VALUES (182, CAST(0.05 AS Decimal(18, 2)), 8, 9)
INSERT [dbo].[CriteriaWeights] ([Id], [Weight], [LevelCriteriaGroupId], [CriteriaId]) VALUES (183, CAST(0.10 AS Decimal(18, 2)), 8, 10)
INSERT [dbo].[CriteriaWeights] ([Id], [Weight], [LevelCriteriaGroupId], [CriteriaId]) VALUES (184, CAST(0.10 AS Decimal(18, 2)), 8, 12)
INSERT [dbo].[CriteriaWeights] ([Id], [Weight], [LevelCriteriaGroupId], [CriteriaId]) VALUES (185, CAST(0.10 AS Decimal(18, 2)), 9, 8)
INSERT [dbo].[CriteriaWeights] ([Id], [Weight], [LevelCriteriaGroupId], [CriteriaId]) VALUES (186, CAST(0.15 AS Decimal(18, 2)), 14, 13)
INSERT [dbo].[CriteriaWeights] ([Id], [Weight], [LevelCriteriaGroupId], [CriteriaId]) VALUES (187, CAST(0.15 AS Decimal(18, 2)), 16, 3)
INSERT [dbo].[CriteriaWeights] ([Id], [Weight], [LevelCriteriaGroupId], [CriteriaId]) VALUES (188, CAST(0.05 AS Decimal(18, 2)), 39, 8)
INSERT [dbo].[CriteriaWeights] ([Id], [Weight], [LevelCriteriaGroupId], [CriteriaId]) VALUES (189, CAST(0.05 AS Decimal(18, 2)), 39, 9)
INSERT [dbo].[CriteriaWeights] ([Id], [Weight], [LevelCriteriaGroupId], [CriteriaId]) VALUES (190, CAST(0.10 AS Decimal(18, 2)), 39, 10)
INSERT [dbo].[CriteriaWeights] ([Id], [Weight], [LevelCriteriaGroupId], [CriteriaId]) VALUES (191, CAST(0.10 AS Decimal(18, 2)), 39, 11)
INSERT [dbo].[CriteriaWeights] ([Id], [Weight], [LevelCriteriaGroupId], [CriteriaId]) VALUES (192, CAST(0.10 AS Decimal(18, 2)), 39, 12)
INSERT [dbo].[CriteriaWeights] ([Id], [Weight], [LevelCriteriaGroupId], [CriteriaId]) VALUES (193, CAST(0.25 AS Decimal(18, 2)), 39, 13)
INSERT [dbo].[CriteriaWeights] ([Id], [Weight], [LevelCriteriaGroupId], [CriteriaId]) VALUES (194, CAST(0.10 AS Decimal(18, 2)), 5, 11)
INSERT [dbo].[CriteriaWeights] ([Id], [Weight], [LevelCriteriaGroupId], [CriteriaId]) VALUES (195, CAST(0.10 AS Decimal(18, 2)), 5, 10)
INSERT [dbo].[CriteriaWeights] ([Id], [Weight], [LevelCriteriaGroupId], [CriteriaId]) VALUES (196, CAST(0.10 AS Decimal(18, 2)), 5, 9)
INSERT [dbo].[CriteriaWeights] ([Id], [Weight], [LevelCriteriaGroupId], [CriteriaId]) VALUES (197, CAST(0.10 AS Decimal(18, 2)), 5, 8)
INSERT [dbo].[CriteriaWeights] ([Id], [Weight], [LevelCriteriaGroupId], [CriteriaId]) VALUES (198, CAST(0.10 AS Decimal(18, 2)), 5, 7)
INSERT [dbo].[CriteriaWeights] ([Id], [Weight], [LevelCriteriaGroupId], [CriteriaId]) VALUES (199, CAST(0.15 AS Decimal(18, 2)), 5, 4)
GO
INSERT [dbo].[CriteriaWeights] ([Id], [Weight], [LevelCriteriaGroupId], [CriteriaId]) VALUES (200, CAST(0.15 AS Decimal(18, 2)), 5, 3)
INSERT [dbo].[CriteriaWeights] ([Id], [Weight], [LevelCriteriaGroupId], [CriteriaId]) VALUES (201, CAST(0.40 AS Decimal(18, 2)), 4, 2)
INSERT [dbo].[CriteriaWeights] ([Id], [Weight], [LevelCriteriaGroupId], [CriteriaId]) VALUES (202, CAST(0.10 AS Decimal(18, 2)), 3, 13)
INSERT [dbo].[CriteriaWeights] ([Id], [Weight], [LevelCriteriaGroupId], [CriteriaId]) VALUES (203, CAST(0.10 AS Decimal(18, 2)), 3, 12)
INSERT [dbo].[CriteriaWeights] ([Id], [Weight], [LevelCriteriaGroupId], [CriteriaId]) VALUES (204, CAST(0.10 AS Decimal(18, 2)), 3, 11)
INSERT [dbo].[CriteriaWeights] ([Id], [Weight], [LevelCriteriaGroupId], [CriteriaId]) VALUES (205, CAST(0.10 AS Decimal(18, 2)), 3, 10)
INSERT [dbo].[CriteriaWeights] ([Id], [Weight], [LevelCriteriaGroupId], [CriteriaId]) VALUES (206, CAST(0.10 AS Decimal(18, 2)), 3, 9)
INSERT [dbo].[CriteriaWeights] ([Id], [Weight], [LevelCriteriaGroupId], [CriteriaId]) VALUES (207, CAST(0.10 AS Decimal(18, 2)), 3, 8)
INSERT [dbo].[CriteriaWeights] ([Id], [Weight], [LevelCriteriaGroupId], [CriteriaId]) VALUES (208, CAST(0.10 AS Decimal(18, 2)), 3, 7)
INSERT [dbo].[CriteriaWeights] ([Id], [Weight], [LevelCriteriaGroupId], [CriteriaId]) VALUES (209, CAST(0.15 AS Decimal(18, 2)), 3, 4)
INSERT [dbo].[CriteriaWeights] ([Id], [Weight], [LevelCriteriaGroupId], [CriteriaId]) VALUES (210, CAST(0.15 AS Decimal(18, 2)), 3, 3)
INSERT [dbo].[CriteriaWeights] ([Id], [Weight], [LevelCriteriaGroupId], [CriteriaId]) VALUES (211, CAST(0.40 AS Decimal(18, 2)), 2, 2)
INSERT [dbo].[CriteriaWeights] ([Id], [Weight], [LevelCriteriaGroupId], [CriteriaId]) VALUES (212, CAST(0.15 AS Decimal(18, 2)), 9, 13)
INSERT [dbo].[CriteriaWeights] ([Id], [Weight], [LevelCriteriaGroupId], [CriteriaId]) VALUES (213, CAST(0.15 AS Decimal(18, 2)), 9, 12)
INSERT [dbo].[CriteriaWeights] ([Id], [Weight], [LevelCriteriaGroupId], [CriteriaId]) VALUES (214, CAST(0.15 AS Decimal(18, 2)), 9, 10)
INSERT [dbo].[CriteriaWeights] ([Id], [Weight], [LevelCriteriaGroupId], [CriteriaId]) VALUES (215, CAST(0.15 AS Decimal(18, 2)), 39, 7)
INSERT [dbo].[CriteriaWeights] ([Id], [Weight], [LevelCriteriaGroupId], [CriteriaId]) VALUES (216, CAST(0.40 AS Decimal(18, 2)), 15, 2)
INSERT [dbo].[CriteriaWeights] ([Id], [Weight], [LevelCriteriaGroupId], [CriteriaId]) VALUES (217, CAST(0.05 AS Decimal(18, 2)), 39, 6)
INSERT [dbo].[CriteriaWeights] ([Id], [Weight], [LevelCriteriaGroupId], [CriteriaId]) VALUES (218, CAST(0.25 AS Decimal(18, 2)), 19, 13)
INSERT [dbo].[CriteriaWeights] ([Id], [Weight], [LevelCriteriaGroupId], [CriteriaId]) VALUES (219, CAST(0.15 AS Decimal(18, 2)), 16, 4)
INSERT [dbo].[CriteriaWeights] ([Id], [Weight], [LevelCriteriaGroupId], [CriteriaId]) VALUES (220, CAST(0.10 AS Decimal(18, 2)), 16, 7)
INSERT [dbo].[CriteriaWeights] ([Id], [Weight], [LevelCriteriaGroupId], [CriteriaId]) VALUES (221, CAST(0.10 AS Decimal(18, 2)), 16, 8)
INSERT [dbo].[CriteriaWeights] ([Id], [Weight], [LevelCriteriaGroupId], [CriteriaId]) VALUES (222, CAST(0.10 AS Decimal(18, 2)), 16, 9)
INSERT [dbo].[CriteriaWeights] ([Id], [Weight], [LevelCriteriaGroupId], [CriteriaId]) VALUES (223, CAST(0.10 AS Decimal(18, 2)), 16, 10)
INSERT [dbo].[CriteriaWeights] ([Id], [Weight], [LevelCriteriaGroupId], [CriteriaId]) VALUES (224, CAST(0.10 AS Decimal(18, 2)), 16, 11)
INSERT [dbo].[CriteriaWeights] ([Id], [Weight], [LevelCriteriaGroupId], [CriteriaId]) VALUES (225, CAST(0.10 AS Decimal(18, 2)), 16, 12)
INSERT [dbo].[CriteriaWeights] ([Id], [Weight], [LevelCriteriaGroupId], [CriteriaId]) VALUES (226, CAST(0.10 AS Decimal(18, 2)), 16, 13)
INSERT [dbo].[CriteriaWeights] ([Id], [Weight], [LevelCriteriaGroupId], [CriteriaId]) VALUES (227, CAST(0.10 AS Decimal(18, 2)), 17, 3)
INSERT [dbo].[CriteriaWeights] ([Id], [Weight], [LevelCriteriaGroupId], [CriteriaId]) VALUES (228, CAST(0.10 AS Decimal(18, 2)), 17, 5)
INSERT [dbo].[CriteriaWeights] ([Id], [Weight], [LevelCriteriaGroupId], [CriteriaId]) VALUES (229, CAST(0.05 AS Decimal(18, 2)), 17, 6)
INSERT [dbo].[CriteriaWeights] ([Id], [Weight], [LevelCriteriaGroupId], [CriteriaId]) VALUES (230, CAST(0.10 AS Decimal(18, 2)), 17, 7)
INSERT [dbo].[CriteriaWeights] ([Id], [Weight], [LevelCriteriaGroupId], [CriteriaId]) VALUES (231, CAST(0.10 AS Decimal(18, 2)), 17, 8)
INSERT [dbo].[CriteriaWeights] ([Id], [Weight], [LevelCriteriaGroupId], [CriteriaId]) VALUES (232, CAST(0.10 AS Decimal(18, 2)), 17, 9)
INSERT [dbo].[CriteriaWeights] ([Id], [Weight], [LevelCriteriaGroupId], [CriteriaId]) VALUES (233, CAST(0.10 AS Decimal(18, 2)), 17, 10)
INSERT [dbo].[CriteriaWeights] ([Id], [Weight], [LevelCriteriaGroupId], [CriteriaId]) VALUES (234, CAST(0.10 AS Decimal(18, 2)), 17, 11)
INSERT [dbo].[CriteriaWeights] ([Id], [Weight], [LevelCriteriaGroupId], [CriteriaId]) VALUES (235, CAST(0.10 AS Decimal(18, 2)), 17, 12)
INSERT [dbo].[CriteriaWeights] ([Id], [Weight], [LevelCriteriaGroupId], [CriteriaId]) VALUES (236, CAST(0.15 AS Decimal(18, 2)), 17, 13)
INSERT [dbo].[CriteriaWeights] ([Id], [Weight], [LevelCriteriaGroupId], [CriteriaId]) VALUES (237, CAST(0.15 AS Decimal(18, 2)), 19, 3)
INSERT [dbo].[CriteriaWeights] ([Id], [Weight], [LevelCriteriaGroupId], [CriteriaId]) VALUES (238, CAST(0.05 AS Decimal(18, 2)), 19, 5)
INSERT [dbo].[CriteriaWeights] ([Id], [Weight], [LevelCriteriaGroupId], [CriteriaId]) VALUES (239, CAST(0.05 AS Decimal(18, 2)), 19, 6)
INSERT [dbo].[CriteriaWeights] ([Id], [Weight], [LevelCriteriaGroupId], [CriteriaId]) VALUES (240, CAST(0.10 AS Decimal(18, 2)), 19, 7)
INSERT [dbo].[CriteriaWeights] ([Id], [Weight], [LevelCriteriaGroupId], [CriteriaId]) VALUES (241, CAST(0.05 AS Decimal(18, 2)), 19, 8)
INSERT [dbo].[CriteriaWeights] ([Id], [Weight], [LevelCriteriaGroupId], [CriteriaId]) VALUES (242, CAST(0.05 AS Decimal(18, 2)), 19, 9)
INSERT [dbo].[CriteriaWeights] ([Id], [Weight], [LevelCriteriaGroupId], [CriteriaId]) VALUES (243, CAST(0.05 AS Decimal(18, 2)), 19, 10)
INSERT [dbo].[CriteriaWeights] ([Id], [Weight], [LevelCriteriaGroupId], [CriteriaId]) VALUES (244, CAST(0.15 AS Decimal(18, 2)), 19, 11)
INSERT [dbo].[CriteriaWeights] ([Id], [Weight], [LevelCriteriaGroupId], [CriteriaId]) VALUES (245, CAST(0.10 AS Decimal(18, 2)), 19, 12)
INSERT [dbo].[CriteriaWeights] ([Id], [Weight], [LevelCriteriaGroupId], [CriteriaId]) VALUES (246, CAST(0.15 AS Decimal(18, 2)), 39, 3)
INSERT [dbo].[CriteriaWeights] ([Id], [Weight], [LevelCriteriaGroupId], [CriteriaId]) VALUES (247, CAST(0.40 AS Decimal(18, 2)), 1, 2)
SET IDENTITY_INSERT [dbo].[CriteriaWeights] OFF
SET IDENTITY_INSERT [dbo].[Ratings] ON 

INSERT [dbo].[Ratings] ([Id], [CreatedDate], [CreatedBy], [UpdatedDate], [UpdatedBy], [IsDeleted], [Point], [Comment], [CriteriaWeightId], [AppraisalParticipantId]) VALUES (1, CAST(N'2019-09-16T17:25:43.0021290' AS DateTime2), N'00000000-0000-0000-0000-000000000000', NULL, NULL, 0, 0, N'', 177, 22)
INSERT [dbo].[Ratings] ([Id], [CreatedDate], [CreatedBy], [UpdatedDate], [UpdatedBy], [IsDeleted], [Point], [Comment], [CriteriaWeightId], [AppraisalParticipantId]) VALUES (2, CAST(N'2019-09-16T17:25:43.0021191' AS DateTime2), N'00000000-0000-0000-0000-000000000000', NULL, NULL, 0, 0, N'', 173, 20)
INSERT [dbo].[Ratings] ([Id], [CreatedDate], [CreatedBy], [UpdatedDate], [UpdatedBy], [IsDeleted], [Point], [Comment], [CriteriaWeightId], [AppraisalParticipantId]) VALUES (3, CAST(N'2019-09-16T17:25:43.0021194' AS DateTime2), N'00000000-0000-0000-0000-000000000000', NULL, NULL, 0, 0, N'', 174, 20)
INSERT [dbo].[Ratings] ([Id], [CreatedDate], [CreatedBy], [UpdatedDate], [UpdatedBy], [IsDeleted], [Point], [Comment], [CriteriaWeightId], [AppraisalParticipantId]) VALUES (4, CAST(N'2019-09-16T17:25:43.0021196' AS DateTime2), N'00000000-0000-0000-0000-000000000000', NULL, NULL, 0, 0, N'', 175, 20)
INSERT [dbo].[Ratings] ([Id], [CreatedDate], [CreatedBy], [UpdatedDate], [UpdatedBy], [IsDeleted], [Point], [Comment], [CriteriaWeightId], [AppraisalParticipantId]) VALUES (5, CAST(N'2019-09-16T17:25:43.0021198' AS DateTime2), N'00000000-0000-0000-0000-000000000000', NULL, NULL, 0, 0, N'', 176, 20)
INSERT [dbo].[Ratings] ([Id], [CreatedDate], [CreatedBy], [UpdatedDate], [UpdatedBy], [IsDeleted], [Point], [Comment], [CriteriaWeightId], [AppraisalParticipantId]) VALUES (6, CAST(N'2019-09-16T17:25:43.0021202' AS DateTime2), N'00000000-0000-0000-0000-000000000000', NULL, NULL, 0, 0, N'', 177, 20)
INSERT [dbo].[Ratings] ([Id], [CreatedDate], [CreatedBy], [UpdatedDate], [UpdatedBy], [IsDeleted], [Point], [Comment], [CriteriaWeightId], [AppraisalParticipantId]) VALUES (7, CAST(N'2019-09-16T17:25:43.0021214' AS DateTime2), N'00000000-0000-0000-0000-000000000000', NULL, NULL, 0, 0, N'', 168, 21)
INSERT [dbo].[Ratings] ([Id], [CreatedDate], [CreatedBy], [UpdatedDate], [UpdatedBy], [IsDeleted], [Point], [Comment], [CriteriaWeightId], [AppraisalParticipantId]) VALUES (8, CAST(N'2019-09-16T17:25:43.0021216' AS DateTime2), N'00000000-0000-0000-0000-000000000000', NULL, NULL, 0, 0, N'', 169, 21)
INSERT [dbo].[Ratings] ([Id], [CreatedDate], [CreatedBy], [UpdatedDate], [UpdatedBy], [IsDeleted], [Point], [Comment], [CriteriaWeightId], [AppraisalParticipantId]) VALUES (9, CAST(N'2019-09-16T17:25:43.0021218' AS DateTime2), N'00000000-0000-0000-0000-000000000000', NULL, NULL, 0, 0, N'', 170, 21)
INSERT [dbo].[Ratings] ([Id], [CreatedDate], [CreatedBy], [UpdatedDate], [UpdatedBy], [IsDeleted], [Point], [Comment], [CriteriaWeightId], [AppraisalParticipantId]) VALUES (10, CAST(N'2019-09-16T17:25:43.0021220' AS DateTime2), N'00000000-0000-0000-0000-000000000000', NULL, NULL, 0, 0, N'', 171, 21)
INSERT [dbo].[Ratings] ([Id], [CreatedDate], [CreatedBy], [UpdatedDate], [UpdatedBy], [IsDeleted], [Point], [Comment], [CriteriaWeightId], [AppraisalParticipantId]) VALUES (11, CAST(N'2019-09-16T17:25:43.0021222' AS DateTime2), N'00000000-0000-0000-0000-000000000000', NULL, NULL, 0, 0, N'', 172, 21)
INSERT [dbo].[Ratings] ([Id], [CreatedDate], [CreatedBy], [UpdatedDate], [UpdatedBy], [IsDeleted], [Point], [Comment], [CriteriaWeightId], [AppraisalParticipantId]) VALUES (12, CAST(N'2019-09-16T17:25:43.0021225' AS DateTime2), N'00000000-0000-0000-0000-000000000000', NULL, NULL, 0, 0, N'', 173, 21)
INSERT [dbo].[Ratings] ([Id], [CreatedDate], [CreatedBy], [UpdatedDate], [UpdatedBy], [IsDeleted], [Point], [Comment], [CriteriaWeightId], [AppraisalParticipantId]) VALUES (13, CAST(N'2019-09-16T17:25:43.0021227' AS DateTime2), N'00000000-0000-0000-0000-000000000000', NULL, NULL, 0, 0, N'', 174, 21)
INSERT [dbo].[Ratings] ([Id], [CreatedDate], [CreatedBy], [UpdatedDate], [UpdatedBy], [IsDeleted], [Point], [Comment], [CriteriaWeightId], [AppraisalParticipantId]) VALUES (14, CAST(N'2019-09-16T17:25:43.0021256' AS DateTime2), N'00000000-0000-0000-0000-000000000000', NULL, NULL, 0, 0, N'', 176, 21)
INSERT [dbo].[Ratings] ([Id], [CreatedDate], [CreatedBy], [UpdatedDate], [UpdatedBy], [IsDeleted], [Point], [Comment], [CriteriaWeightId], [AppraisalParticipantId]) VALUES (15, CAST(N'2019-09-16T17:25:43.0021189' AS DateTime2), N'00000000-0000-0000-0000-000000000000', NULL, NULL, 0, 0, N'', 172, 20)
INSERT [dbo].[Ratings] ([Id], [CreatedDate], [CreatedBy], [UpdatedDate], [UpdatedBy], [IsDeleted], [Point], [Comment], [CriteriaWeightId], [AppraisalParticipantId]) VALUES (16, CAST(N'2019-09-16T17:25:43.0021269' AS DateTime2), N'00000000-0000-0000-0000-000000000000', NULL, NULL, 0, 0, N'', 168, 22)
INSERT [dbo].[Ratings] ([Id], [CreatedDate], [CreatedBy], [UpdatedDate], [UpdatedBy], [IsDeleted], [Point], [Comment], [CriteriaWeightId], [AppraisalParticipantId]) VALUES (17, CAST(N'2019-09-16T17:25:43.0021271' AS DateTime2), N'00000000-0000-0000-0000-000000000000', NULL, NULL, 0, 0, N'', 169, 22)
INSERT [dbo].[Ratings] ([Id], [CreatedDate], [CreatedBy], [UpdatedDate], [UpdatedBy], [IsDeleted], [Point], [Comment], [CriteriaWeightId], [AppraisalParticipantId]) VALUES (18, CAST(N'2019-09-16T17:25:43.0021273' AS DateTime2), N'00000000-0000-0000-0000-000000000000', NULL, NULL, 0, 0, N'', 170, 22)
INSERT [dbo].[Ratings] ([Id], [CreatedDate], [CreatedBy], [UpdatedDate], [UpdatedBy], [IsDeleted], [Point], [Comment], [CriteriaWeightId], [AppraisalParticipantId]) VALUES (19, CAST(N'2019-09-16T17:25:43.0021275' AS DateTime2), N'00000000-0000-0000-0000-000000000000', NULL, NULL, 0, 0, N'', 171, 22)
INSERT [dbo].[Ratings] ([Id], [CreatedDate], [CreatedBy], [UpdatedDate], [UpdatedBy], [IsDeleted], [Point], [Comment], [CriteriaWeightId], [AppraisalParticipantId]) VALUES (20, CAST(N'2019-09-16T17:25:43.0021277' AS DateTime2), N'00000000-0000-0000-0000-000000000000', NULL, NULL, 0, 0, N'', 172, 22)
INSERT [dbo].[Ratings] ([Id], [CreatedDate], [CreatedBy], [UpdatedDate], [UpdatedBy], [IsDeleted], [Point], [Comment], [CriteriaWeightId], [AppraisalParticipantId]) VALUES (21, CAST(N'2019-09-16T17:25:43.0021280' AS DateTime2), N'00000000-0000-0000-0000-000000000000', NULL, NULL, 0, 0, N'', 173, 22)
INSERT [dbo].[Ratings] ([Id], [CreatedDate], [CreatedBy], [UpdatedDate], [UpdatedBy], [IsDeleted], [Point], [Comment], [CriteriaWeightId], [AppraisalParticipantId]) VALUES (22, CAST(N'2019-09-16T17:25:43.0021282' AS DateTime2), N'00000000-0000-0000-0000-000000000000', NULL, NULL, 0, 0, N'', 174, 22)
INSERT [dbo].[Ratings] ([Id], [CreatedDate], [CreatedBy], [UpdatedDate], [UpdatedBy], [IsDeleted], [Point], [Comment], [CriteriaWeightId], [AppraisalParticipantId]) VALUES (23, CAST(N'2019-09-16T17:25:43.0021284' AS DateTime2), N'00000000-0000-0000-0000-000000000000', NULL, NULL, 0, 0, N'', 175, 22)
INSERT [dbo].[Ratings] ([Id], [CreatedDate], [CreatedBy], [UpdatedDate], [UpdatedBy], [IsDeleted], [Point], [Comment], [CriteriaWeightId], [AppraisalParticipantId]) VALUES (24, CAST(N'2019-09-16T17:25:43.0021287' AS DateTime2), N'00000000-0000-0000-0000-000000000000', NULL, NULL, 0, 0, N'', 176, 22)
INSERT [dbo].[Ratings] ([Id], [CreatedDate], [CreatedBy], [UpdatedDate], [UpdatedBy], [IsDeleted], [Point], [Comment], [CriteriaWeightId], [AppraisalParticipantId]) VALUES (25, CAST(N'2019-09-16T17:25:43.0021253' AS DateTime2), N'00000000-0000-0000-0000-000000000000', NULL, NULL, 0, 0, N'', 175, 21)
INSERT [dbo].[Ratings] ([Id], [CreatedDate], [CreatedBy], [UpdatedDate], [UpdatedBy], [IsDeleted], [Point], [Comment], [CriteriaWeightId], [AppraisalParticipantId]) VALUES (26, CAST(N'2019-09-16T17:25:43.0021259' AS DateTime2), N'00000000-0000-0000-0000-000000000000', NULL, NULL, 0, 0, N'', 177, 21)
INSERT [dbo].[Ratings] ([Id], [CreatedDate], [CreatedBy], [UpdatedDate], [UpdatedBy], [IsDeleted], [Point], [Comment], [CriteriaWeightId], [AppraisalParticipantId]) VALUES (27, CAST(N'2019-09-16T17:25:43.0021187' AS DateTime2), N'00000000-0000-0000-0000-000000000000', NULL, NULL, 0, 0, N'', 171, 20)
INSERT [dbo].[Ratings] ([Id], [CreatedDate], [CreatedBy], [UpdatedDate], [UpdatedBy], [IsDeleted], [Point], [Comment], [CriteriaWeightId], [AppraisalParticipantId]) VALUES (28, CAST(N'2019-09-16T17:25:43.0021183' AS DateTime2), N'00000000-0000-0000-0000-000000000000', NULL, NULL, 0, 0, N'', 169, 20)
INSERT [dbo].[Ratings] ([Id], [CreatedDate], [CreatedBy], [UpdatedDate], [UpdatedBy], [IsDeleted], [Point], [Comment], [CriteriaWeightId], [AppraisalParticipantId]) VALUES (29, CAST(N'2019-09-16T17:25:43.0020809' AS DateTime2), N'00000000-0000-0000-0000-000000000000', NULL, NULL, 0, 0, N'', 169, 17)
INSERT [dbo].[Ratings] ([Id], [CreatedDate], [CreatedBy], [UpdatedDate], [UpdatedBy], [IsDeleted], [Point], [Comment], [CriteriaWeightId], [AppraisalParticipantId]) VALUES (30, CAST(N'2019-09-16T17:25:43.0020824' AS DateTime2), N'00000000-0000-0000-0000-000000000000', NULL, NULL, 0, 0, N'', 170, 17)
INSERT [dbo].[Ratings] ([Id], [CreatedDate], [CreatedBy], [UpdatedDate], [UpdatedBy], [IsDeleted], [Point], [Comment], [CriteriaWeightId], [AppraisalParticipantId]) VALUES (31, CAST(N'2019-09-16T17:25:43.0020828' AS DateTime2), N'00000000-0000-0000-0000-000000000000', NULL, NULL, 0, 0, N'', 171, 17)
INSERT [dbo].[Ratings] ([Id], [CreatedDate], [CreatedBy], [UpdatedDate], [UpdatedBy], [IsDeleted], [Point], [Comment], [CriteriaWeightId], [AppraisalParticipantId]) VALUES (32, CAST(N'2019-09-16T17:25:43.0020831' AS DateTime2), N'00000000-0000-0000-0000-000000000000', NULL, NULL, 0, 0, N'', 172, 17)
INSERT [dbo].[Ratings] ([Id], [CreatedDate], [CreatedBy], [UpdatedDate], [UpdatedBy], [IsDeleted], [Point], [Comment], [CriteriaWeightId], [AppraisalParticipantId]) VALUES (33, CAST(N'2019-09-16T17:25:43.0020844' AS DateTime2), N'00000000-0000-0000-0000-000000000000', NULL, NULL, 0, 0, N'', 173, 17)
INSERT [dbo].[Ratings] ([Id], [CreatedDate], [CreatedBy], [UpdatedDate], [UpdatedBy], [IsDeleted], [Point], [Comment], [CriteriaWeightId], [AppraisalParticipantId]) VALUES (34, CAST(N'2019-09-16T17:25:43.0020847' AS DateTime2), N'00000000-0000-0000-0000-000000000000', NULL, NULL, 0, 0, N'', 174, 17)
INSERT [dbo].[Ratings] ([Id], [CreatedDate], [CreatedBy], [UpdatedDate], [UpdatedBy], [IsDeleted], [Point], [Comment], [CriteriaWeightId], [AppraisalParticipantId]) VALUES (35, CAST(N'2019-09-16T17:25:43.0020850' AS DateTime2), N'00000000-0000-0000-0000-000000000000', NULL, NULL, 0, 0, N'', 175, 17)
INSERT [dbo].[Ratings] ([Id], [CreatedDate], [CreatedBy], [UpdatedDate], [UpdatedBy], [IsDeleted], [Point], [Comment], [CriteriaWeightId], [AppraisalParticipantId]) VALUES (36, CAST(N'2019-09-16T17:25:43.0020854' AS DateTime2), N'00000000-0000-0000-0000-000000000000', NULL, NULL, 0, 0, N'', 176, 17)
INSERT [dbo].[Ratings] ([Id], [CreatedDate], [CreatedBy], [UpdatedDate], [UpdatedBy], [IsDeleted], [Point], [Comment], [CriteriaWeightId], [AppraisalParticipantId]) VALUES (37, CAST(N'2019-09-16T17:25:43.0020858' AS DateTime2), N'00000000-0000-0000-0000-000000000000', NULL, NULL, 0, 0, N'', 177, 17)
INSERT [dbo].[Ratings] ([Id], [CreatedDate], [CreatedBy], [UpdatedDate], [UpdatedBy], [IsDeleted], [Point], [Comment], [CriteriaWeightId], [AppraisalParticipantId]) VALUES (38, CAST(N'2019-09-16T17:25:43.0021064' AS DateTime2), N'00000000-0000-0000-0000-000000000000', NULL, NULL, 0, 0, N'', 168, 18)
INSERT [dbo].[Ratings] ([Id], [CreatedDate], [CreatedBy], [UpdatedDate], [UpdatedBy], [IsDeleted], [Point], [Comment], [CriteriaWeightId], [AppraisalParticipantId]) VALUES (39, CAST(N'2019-09-16T17:25:43.0021067' AS DateTime2), N'00000000-0000-0000-0000-000000000000', NULL, NULL, 0, 0, N'', 169, 18)
INSERT [dbo].[Ratings] ([Id], [CreatedDate], [CreatedBy], [UpdatedDate], [UpdatedBy], [IsDeleted], [Point], [Comment], [CriteriaWeightId], [AppraisalParticipantId]) VALUES (40, CAST(N'2019-09-16T17:25:43.0021069' AS DateTime2), N'00000000-0000-0000-0000-000000000000', NULL, NULL, 0, 0, N'', 170, 18)
INSERT [dbo].[Ratings] ([Id], [CreatedDate], [CreatedBy], [UpdatedDate], [UpdatedBy], [IsDeleted], [Point], [Comment], [CriteriaWeightId], [AppraisalParticipantId]) VALUES (41, CAST(N'2019-09-16T17:25:43.0021071' AS DateTime2), N'00000000-0000-0000-0000-000000000000', NULL, NULL, 0, 0, N'', 171, 18)
INSERT [dbo].[Ratings] ([Id], [CreatedDate], [CreatedBy], [UpdatedDate], [UpdatedBy], [IsDeleted], [Point], [Comment], [CriteriaWeightId], [AppraisalParticipantId]) VALUES (42, CAST(N'2019-09-16T17:25:43.0021127' AS DateTime2), N'00000000-0000-0000-0000-000000000000', NULL, NULL, 0, 0, N'', 172, 18)
INSERT [dbo].[Ratings] ([Id], [CreatedDate], [CreatedBy], [UpdatedDate], [UpdatedBy], [IsDeleted], [Point], [Comment], [CriteriaWeightId], [AppraisalParticipantId]) VALUES (43, CAST(N'2019-09-16T17:25:43.0021185' AS DateTime2), N'00000000-0000-0000-0000-000000000000', NULL, NULL, 0, 0, N'', 170, 20)
INSERT [dbo].[Ratings] ([Id], [CreatedDate], [CreatedBy], [UpdatedDate], [UpdatedBy], [IsDeleted], [Point], [Comment], [CriteriaWeightId], [AppraisalParticipantId]) VALUES (44, CAST(N'2019-09-16T17:25:43.0021132' AS DateTime2), N'00000000-0000-0000-0000-000000000000', NULL, NULL, 0, 0, N'', 173, 18)
INSERT [dbo].[Ratings] ([Id], [CreatedDate], [CreatedBy], [UpdatedDate], [UpdatedBy], [IsDeleted], [Point], [Comment], [CriteriaWeightId], [AppraisalParticipantId]) VALUES (45, CAST(N'2019-09-16T17:25:43.0021137' AS DateTime2), N'00000000-0000-0000-0000-000000000000', NULL, NULL, 0, 0, N'', 175, 18)
INSERT [dbo].[Ratings] ([Id], [CreatedDate], [CreatedBy], [UpdatedDate], [UpdatedBy], [IsDeleted], [Point], [Comment], [CriteriaWeightId], [AppraisalParticipantId]) VALUES (46, CAST(N'2019-09-16T17:25:43.0021140' AS DateTime2), N'00000000-0000-0000-0000-000000000000', NULL, NULL, 0, 0, N'', 176, 18)
INSERT [dbo].[Ratings] ([Id], [CreatedDate], [CreatedBy], [UpdatedDate], [UpdatedBy], [IsDeleted], [Point], [Comment], [CriteriaWeightId], [AppraisalParticipantId]) VALUES (47, CAST(N'2019-09-16T17:25:43.0021143' AS DateTime2), N'00000000-0000-0000-0000-000000000000', NULL, NULL, 0, 0, N'', 177, 18)
INSERT [dbo].[Ratings] ([Id], [CreatedDate], [CreatedBy], [UpdatedDate], [UpdatedBy], [IsDeleted], [Point], [Comment], [CriteriaWeightId], [AppraisalParticipantId]) VALUES (48, CAST(N'2019-09-16T17:25:43.0021147' AS DateTime2), N'00000000-0000-0000-0000-000000000000', NULL, NULL, 0, 0, N'', 168, 19)
INSERT [dbo].[Ratings] ([Id], [CreatedDate], [CreatedBy], [UpdatedDate], [UpdatedBy], [IsDeleted], [Point], [Comment], [CriteriaWeightId], [AppraisalParticipantId]) VALUES (49, CAST(N'2019-09-16T17:25:43.0021149' AS DateTime2), N'00000000-0000-0000-0000-000000000000', NULL, NULL, 0, 0, N'', 169, 19)
INSERT [dbo].[Ratings] ([Id], [CreatedDate], [CreatedBy], [UpdatedDate], [UpdatedBy], [IsDeleted], [Point], [Comment], [CriteriaWeightId], [AppraisalParticipantId]) VALUES (50, CAST(N'2019-09-16T17:25:43.0021152' AS DateTime2), N'00000000-0000-0000-0000-000000000000', NULL, NULL, 0, 0, N'', 170, 19)
INSERT [dbo].[Ratings] ([Id], [CreatedDate], [CreatedBy], [UpdatedDate], [UpdatedBy], [IsDeleted], [Point], [Comment], [CriteriaWeightId], [AppraisalParticipantId]) VALUES (51, CAST(N'2019-09-16T17:25:43.0021154' AS DateTime2), N'00000000-0000-0000-0000-000000000000', NULL, NULL, 0, 0, N'', 171, 19)
INSERT [dbo].[Ratings] ([Id], [CreatedDate], [CreatedBy], [UpdatedDate], [UpdatedBy], [IsDeleted], [Point], [Comment], [CriteriaWeightId], [AppraisalParticipantId]) VALUES (52, CAST(N'2019-09-16T17:25:43.0021156' AS DateTime2), N'00000000-0000-0000-0000-000000000000', NULL, NULL, 0, 0, N'', 172, 19)
INSERT [dbo].[Ratings] ([Id], [CreatedDate], [CreatedBy], [UpdatedDate], [UpdatedBy], [IsDeleted], [Point], [Comment], [CriteriaWeightId], [AppraisalParticipantId]) VALUES (53, CAST(N'2019-09-16T17:25:43.0021158' AS DateTime2), N'00000000-0000-0000-0000-000000000000', NULL, NULL, 0, 0, N'', 173, 19)
INSERT [dbo].[Ratings] ([Id], [CreatedDate], [CreatedBy], [UpdatedDate], [UpdatedBy], [IsDeleted], [Point], [Comment], [CriteriaWeightId], [AppraisalParticipantId]) VALUES (54, CAST(N'2019-09-16T17:25:43.0021160' AS DateTime2), N'00000000-0000-0000-0000-000000000000', NULL, NULL, 0, 0, N'', 174, 19)
INSERT [dbo].[Ratings] ([Id], [CreatedDate], [CreatedBy], [UpdatedDate], [UpdatedBy], [IsDeleted], [Point], [Comment], [CriteriaWeightId], [AppraisalParticipantId]) VALUES (55, CAST(N'2019-09-16T17:25:43.0021163' AS DateTime2), N'00000000-0000-0000-0000-000000000000', NULL, NULL, 0, 0, N'', 175, 19)
INSERT [dbo].[Ratings] ([Id], [CreatedDate], [CreatedBy], [UpdatedDate], [UpdatedBy], [IsDeleted], [Point], [Comment], [CriteriaWeightId], [AppraisalParticipantId]) VALUES (56, CAST(N'2019-09-16T17:25:43.0021165' AS DateTime2), N'00000000-0000-0000-0000-000000000000', NULL, NULL, 0, 0, N'', 176, 19)
INSERT [dbo].[Ratings] ([Id], [CreatedDate], [CreatedBy], [UpdatedDate], [UpdatedBy], [IsDeleted], [Point], [Comment], [CriteriaWeightId], [AppraisalParticipantId]) VALUES (57, CAST(N'2019-09-16T17:25:43.0021168' AS DateTime2), N'00000000-0000-0000-0000-000000000000', NULL, NULL, 0, 0, N'', 177, 19)
INSERT [dbo].[Ratings] ([Id], [CreatedDate], [CreatedBy], [UpdatedDate], [UpdatedBy], [IsDeleted], [Point], [Comment], [CriteriaWeightId], [AppraisalParticipantId]) VALUES (58, CAST(N'2019-09-16T17:25:43.0021180' AS DateTime2), N'00000000-0000-0000-0000-000000000000', NULL, NULL, 0, 0, N'', 168, 20)
INSERT [dbo].[Ratings] ([Id], [CreatedDate], [CreatedBy], [UpdatedDate], [UpdatedBy], [IsDeleted], [Point], [Comment], [CriteriaWeightId], [AppraisalParticipantId]) VALUES (59, CAST(N'2019-09-16T17:25:43.0021134' AS DateTime2), N'00000000-0000-0000-0000-000000000000', NULL, NULL, 0, 0, N'', 174, 18)
INSERT [dbo].[Ratings] ([Id], [CreatedDate], [CreatedBy], [UpdatedDate], [UpdatedBy], [IsDeleted], [Point], [Comment], [CriteriaWeightId], [AppraisalParticipantId]) VALUES (60, CAST(N'2019-09-16T17:25:43.0018506' AS DateTime2), N'00000000-0000-0000-0000-000000000000', NULL, NULL, 0, 2.5, N'', 168, 17)
SET IDENTITY_INSERT [dbo].[Ratings] OFF
